target,source
а̄ӈкв,самка лося
а̄ӈква̄ги,двоюродная сестра
а̄ӈкватаӈкве,взглянуть
а̄ӈквпыг,двоюродный брат
а̄ӈха,куропатка
а̄ви,дверь
а̄ви со̄пла,косяк
а̄ви сӯнт,порог
а̄ви ха̄п,порог
а̄врахыӈ,обрывистый
а̄гм,болезнь
а̄гмалтаӈкве,одеревенеть
а̄гмыӈ,больной
агт,вера
агтнэ,верящий
агтуӈкве,верить
агтыгла̄луӈкве,убеждаться
агылттаӈкве,убедить
айнут,напиток
айтуӈкве,напоить
айхатуӈкве,захлебнуться
айхатыглаӈкве,захлёбываться
а̄кань,кукла
а̄кар,породистая собака
аканьлахтуӈкве,играть в куклы
акв,один
акв-па̄лн,прочь
аква,один
аквал-аквал,по одному
акван-атуӈкве,собрать
акван-консуӈкве,сгрести
акван-лаквтуӈкве,сдвинуть
акван-ле̄ӈктхатуӈкве,столкнуться
акван-ляпамаӈкве,сблизиться
акван-ляпамтаӈкве,приблизить
акван-мо̄ртуӈкве,сравнить
акван-нарумтаӈкве,столкнуть
акван-ня̄влуӈкве,согнать
акван-о̄лтуӈкве,соединить
акван-о̄лтхатуӈкве,соединиться
акван-пасиртаӈкве,стиснуть
акван-патуӈкве,слиться
акван-пе̄руӈкве,скрутить
акван-пинтлантаӈкве,складывать
акван-пинтлуӈкве,сложить
акван-потыртахтуӈкве,сговориться
акван-равтуӈкве,перемешать
акван-ро̄вуӈкве,совпасть
акван-сагуӈкве,сплести
акван-сюӈкыртахтуӈкве,свернуться
акван-та̄кмалтаӈкве,скрепить
акван-таӈыртаӈкве,сжать
акван-тыламлаӈкве,слететься
акван-ха̄йтуӈкве,сбежаться
акван-ханлаӈкве,склеить
акван-хо̄юӈкве,столкнуться
акван-ю̄нтуӈкве,сшить
акван-ю̄ныгтаӈкве,сколотить
акват-ӯнлуӈкве,сидеть
аквке̄м,равный
аквке̄мт,наравне
аквке̄мыл,нареч.поровну
аквматнакт,однажды
аквматэ̄ртын,однажды
аквонтсыл,рядом
аквпо̄хат,рядом
аквта,тот же
аквта порат,одновременно
аквта торыг,одновременно
аквта хурип,такой же
аквтамле,такой же
аквтоп,будто
аквтув,туда же
аквты,этот же
аквтыг,сюда же
аквхуйплов,одиннадцать
аквхуйпловит,одиннадцатый
аквъяныт,равный
аквъёт,вместе
аки,дядя
а̄лмта̄луӈкве,носить
а̄лмтанут,ноша
а̄лмуӈкве,подымать
а̄лн,таймень
а̄лнхӯл,таймень
а̄лта̄гыл,охапка
а̄лумтаӈкве,нести
а̄лымалыглаӈкве,успевать
а̄лымаӈкве,успеть
алаӈ пӯт,кастрюля
алгаль,вверх по реке
алнут,добыча
алпи,тело
алписов,кожа
алсиӈ,вооружённый
алхатуӈкве,драться
алыгла̄луӈкве,добывать
алыл,сверху
алыма̄,южная страна
алысьлан хум,охотник
алысьлап,орудие промысла
алысьлаӈкве,промышлять
алысьта̄л,безоружный
а̄марматуӈкве,зачерпнуть
а̄мартаӈкве,зачерпнуть
а̄мп,собака
а̄мпкол,конура
а̄мпыӈ,собачий
а̄мпыӈ сун,собачья упряжка
ам,мест.я
амки,я сам
амна,головки обуви
амсюӈкве,загадывать загадки
амысь,загадка
а̄нас,обоз
а̄нах,олово
а̄ньт,рог
а̄ньтыӈ,рогатый
анеква,бабушка
аниглахтуӈкве,целоваться
аниглаӈкве,целовать
анькас,горох
аньмунт,недавно
аньсяр,клык
аньты,только что
а̄пси,брат
а̄пыр,ловкость
а̄пырлаӈкве,изловчиться
а̄рась,очаг
а̄рнта,долг
а̄рпи,рыболовный запор
а̄рппал,запор у берега
а̄рсын,аршин
а̄рталахтын ва̄рмаль,попытка
а̄ртмил,удача
а̄ртмилыӈ,удачный
аргин,медь
армалтаӈкве,отобрать
арыг,лишний
арыгкем,слишком
а̄смас,полынья
а̄стапаӈкве,кончиться
а̄стлахтыгла̄луӈкве,приготовляться
а̄ступта̄луӈкве,заканчивать
а̄ступтаӈкве,закончить
а̄сь,отец
асёйка,дед
асирман тыттуӈкве,обморозить
асирман тыттыгла̄луӈкве,обмораживать
астал,нареч.молча
асталакве̄г,втихомолку
асталнув,потише
асыӈ,дырявый
а̄твос,свинец
а̄ти,нет
а̄тя,отец
ат ва̄нэ,неизвестный
ат та̄ратаӈкве,запретить
ат таӈхим,неохотно
ат то̄вылхатнэ,недостающий
ат хо̄йхатнэ,негодный
ат ёлымтан,непобедимый
атая̄луӈкве,понюхать
атаяӈкве,чуять
атиӈк,иначе
атпан,пятьдесят
атса̄т,пятьсот
атта̄л,невкусный
атувъя̄луӈкве,понюхать
атхатуӈкве,собраться
атхатыгла̄луӈкве,собираться
атхуйплов,пятнадцать
атыньтаӈкве,нюхать
атыр,ясный
атырмаӈкве,проясниться
атыӈ ня̄нь,пряник
атыӈут,сладость
а̄хвсалахтуӈкве,раздеться
а̄хвсалаӈкве,раздевать
а̄хвтас,камень
а̄хвтас пӯт,котёл
а̄хвтасыӈ,каменистый
а̄хт,протока
а̄хт а̄рпи,рыболовный запор
аюӈкве,пить
аялаӈкве,выпить
ва̄гылттаӈкве,спустить
ва̄й,кисы
ва̄йпум,стелька
ва̄йхатнэ ва̄рмаль,знакомство
ва̄йхатуӈкве,быть знакомыми
ва̄лм,мозг
ва̄льсям,стружка
ва̄нсыӈ,травяной
ва̄нтала̄лнэ хо̄тпа,кочевник
ва̄нтала̄луӈкве,кочевать
ва̄нтата̄луӈкве,водить за руку
ва̄нттуӈкве,вести
ва̄пс,зять
ва̄рантаӈкве,делать
ва̄рапахтуӈкве,превратиться
ва̄рапаӈкве,сделать
ва̄рмаль,дело
ва̄рмыгтаӈкве,начать делать
ва̄рнут,результат труда
ва̄рылтап,заказ
ва̄рыхтаӈкве,каркать
ва̄с,утка
ва̄с пы̄грись,утёнок
ва̄синтатта̄л,невиданный
ва̄синтаӈкве,видеть
ва̄т,тридцать
ва̄та,берег
ва̄та̄л,незнакомый
ва̄та̄л-хасьта̄л,невзначай
ва̄талахтуӈкве,свататься
ва̄тахум,купец
ва̄ти,короткий
ва̄тима̄лыглаӈкве,приближаться
ва̄тимаӈкве,приблизиться
ва̄тимта̄лыглаӈкве,приближать
ва̄тимтаӈкве,приблизить
ва̄тихал,часто
ва̄тыгла̄луӈкве,собирать
ва̄тыт,тридцатый
ва̄ӈклатаӈкве,споткнуться
ва̄ӈклуӈкве,спотыкаться
ва̄ӈкрип,багор
ва̄ӈкуӈкве,ползти
ва̄ӈкыртахтуӈкве,бодаться
ва̄ӈныӈ-консыӈ,плечистый
ва̄ӈын,плечо
ва̄ӈын лувнур,ключица
ва̄ӈынлув,плечевая кость
ва̄ӈынхум,помощник
ве̄рита̄лыгла̄луӈкве,удерживаться
ве̄ритатта̄л,невыносимый
ве̄ритаӈкве,терпеть
ве̄рмуӈкве,мочь
ве̄рмхатуӈкве,справиться
ве̄рста,верста
ве̄ртпи,терпение
ве̄ртпиӈ,терпеливый
ве̄стуӈкве,спасти
ве̄стхатуӈкве,спастись
ве̄ськат,честный
ве̄ськатлахтуӈкве,оправдываться
ве̄ськатта̄л,неискренний
винтаӈ,винтовой
висар,водоворот
вит,вода
витвит,ведро
виткась,водяной
витн сялтуӈкве,утонуть
витпум,водоросль
витсам,капля
витсов,водная поверхность
витуй,бобёр
вӣльт,лицо
вӣльт cэ̄гнэ то̄р,полотенце
вӣльт суснэ ке̄р,зеркало
вӣльтъят,лоб
во̄влаӈкве,окликнуть
во̄вта,тонкий
во̄вта̄л,непрошенный
во̄втма,висок
во̄вхатуӈкве,проситься
во̄выгла̄луӈкве,приглашать
во̄итаӈкве,ожиреть
во̄иӈ,жирный
во̄ль,плёс
во̄нтыр,выдра
во̄псатаӈкве,мелькнуть
во̄р,лес
во̄р кати,рысь
во̄р салы,дикий олень
во̄р сяхыл,роща
во̄р ӯргалан хо̄тпа,лесник
во̄раян ва̄рмаль,охота
во̄раян хум,охотник
во̄раяӈкве,охотиться
во̄рто̄лно̄йка,медведь
во̄рто̄лнут,медведь
во̄ртпи,подпорка
во̄ртхатуӈкве,упереться
во̄ртыпа̄л,левый
во̄руй,дикий зверь
во̄рупнэ,кедровка
во̄сьлыл,горе
во̄сэвхӯрыг,желудок
во̄т,ветер
во̄тасаӈкве,дунуть
во̄тла̄лыглаӈкве,проветривать
во̄тлаӈкве,проветрить
во̄тмыгтаӈкве,подуть
во̄тпыг,вихрь
во̄тумтаӈкве,начать дуть
во̄туӈкве,дуть
во̄тым,седой
во̄тыӈ,ветреный
войкан витуп,беловодный
войкан пуӈкуп,белокурый
войкан ракт,известь
войла̄луӈкве,брать
войлыглаӈкве,брать
вольгалтахтуӈкве,заблестеть
вольгуӈкве,блестеть
вольгыглаӈкве,блестеть
вольгын,блестящий
вольк,скользкий
волькатаӈкве,поскользнуться
волькуӈкве,скользить
волькыӈ,скользкий
волятаӈкве,блеснуть
вониртахтуӈкве,прищуриться
вониртахтыгла̄луӈкве,прищуриваться
вониртаӈкве,щурить
воньсял,пустынный
ворасьлап,спор
ворасьлаӈкве,спорить
воратахтуӈкве,оспаривать
воргуӈкве,сверкать
ворилты,кое-как
воримта̄лыглаӈкве,одолевать
воримтаӈкве,одолеть
воритотнэ ва̄рмаль,борьба
воритотуӈкве,бороться
ворсик,трясогузка
вортгалахтуӈкве,упрямиться
вортыӈ,упрямый
восвоснэ,камышовка
восгасаӈкве,прошептать
восгаяӈкве,шепнуть
восгил,шёпот
восгуӈкве,шептать
восиртахтуӈкве,горчить
восиртахтын,горький
восы,копоть
восытаӈкве,коптить
восьлахыӈ,грязный
восьрамхарпа,желтоватый
восьрамыӈ,горький
восяла̄луӈкве,кривляться
воянта̄лыглаӈкве,защищать
воянтахтуӈкве,защищаться
воянтаӈкве,защитить
вы̄гыр па̄йтуп,румяный
е̄ӈта,круглый
е̄ӈта̄г,сделать круглым
е̄ӈтала̄кв,окружность
е̄ӈтапа̄л,полукруг
е̄мт,случай
е̄мтала̄луӈкве,случаться
е̄мталаӈкве,случиться
е̄мтан,сталь
е̄ри-нёвумтаӈкве,пошатнуться
е̄ри-патуӈкве,накрениться
е̄ри-рагатаӈкве,упасть набок
е̄ри-хӯтуӈкве,склониться
ертысьма,ненастье
ертысьмаӈ,ненастный
ё̄ӈхамлаптуӈкве,закружить
ё̄ӈхамлаӈкве,закружиться
ё̄ӈханта̄нтуӈкве,кружиться
ё̄ӈхата̄луӈкве,вертеть
ё̄ӈхатахтыглаӈкве,повертеться
ё̄ӈхуп,луна
ё̄ӈхыгпаптуӈкве,повернуть
ёвт,лук
ёвт ква̄лыг,тетива
ёвт я̄нтув,тетива
ёвтлуӈкве,мерять луком
ёвтуӈкве,купить
ёл-ва̄глыгла̄луӈкве,слезать
ёл-ва̄гылттаӈкве,спустить
ёл-ва̄нттуӈкве,свести
ёл-исуӈкве,приземлиться
ёл-исыл,посадка
ёл-лаквуӈкве,сползти
ёл-лаквыгла̄луӈкве,сползать
ёл-лю̄лигла̄луӈкве,останавливаться
ёл-лю̄люӈкве,остановиться
ёл-нарумтаӈкве,столкнуть
ёл-нэ̄гуӈкве,привязать
ёл-нэ̄гхатуӈкве,привязаться
ёл-овантаӈкве,стекать
ёл-овуӈкве,стечь
ёл-ойматуӈкве,сорваться
ёл-оюӈкве,уснуть
ёл-оянтаӈкве,засыпать
ёл-па̄тыраӈкве,закатиться
ёл-паргуӈкве,осыпаться
ёл-паттуӈкве,уронить
ёл-патуӈкве,упасть
ёл-по̄люӈкве,примерзать
ёл-повараӈкве,скатиться
ёл-ра̄гматаӈкве,провалиться
ёл-ротмалтаӈкве,успокоить
ёл-ротмуӈкве,успокоиться
ёл-ротумтатта̄л,неугомонный
ёл-са̄груӈкве,срубить
ёл-сартуӈкве,спилить
ёл-со̄суӈкве,вылить
ёл-сялтуӈкве,увязнуть
ёл-сё̄пита̄хтуӈкве,укладываться
ёл-та̄ратахтуӈкве,спуститься
ёл-та̄ратаӈкве,спустить
ёл-тагапаӈкве,застрять
ёл-тахамтаӈкве,скатиться
ёл-торамлаӈкве,успокоиться
ёл-торамтаӈкве,успокоить
ёл-торылтаӈкве,уронить
ёл-тосуӈкве,убыть
ёл-туясаӈкве,столкнуть
ёл-тыламлаӈкве,спуститься
ёл-тӯйтуӈкве,спрятать
ёл-тӯсьтуӈкве,воткнуть
ёл-ха̄йтуӈкве,сбежать
ёл-хуюӈкве,лечь
ёл-хӯтувъяӈкве,нагнуться
ёл-ю̄ныгтаӈкве,сбить
ёл-юнумтаӈкве,уснуть
ёл-я̄рмуӈкве,застрять
ёл-яктапаӈкве,срубить
ёл-яктуӈкве,рубить
ёлаль,вниз
ёлн,внизу
ёлы,нижний
ёлыл,снизу
ёлымтатта̄л,непобедимый
ё̄мантаӈкве,идти
ё̄масаӈкве,шагнуть
ё̄млыгтаӈкве,прошагать
ёмасмахтуӈкве,помириться
ёмаспа̄л,правая
ёмаспа̄лт,справа
ёмасы̄г,хорошо
ёмасы̄г ва̄руӈкве,улучшить
ёмасякв,хорошо
ё̄нхыгпаӈкве,повернуться
ёнгалтахтуӈкве,начать играть
ёнгалтаӈкве,забавлять
ёнгил,игра
ёнгуӈкве,играть
ёнгынут,игрушка
ё̄паньси,войлок
ё̄р ёхтта̄л,непосильный
ё̄рмуӈкве,усилиться
ё̄рн,ненец
ё̄рн ма̄хум,ненцы
ё̄рнкол,чум
ё̄рыл,насильно
ёралахтуӈкве,гордиться
ёргуӈкве,строгать
ёрувла̄лыглаӈкве,забывать
ёрувлатта̄л,незабываемый
ёрувлаӈкве,забыть
ёрыӈ,гордый
ёрыӈысь,гордо
ёса лё̄х,лыжня
ёсаг,лыжи-подволоки
ёслуӈкве,мочить
ёсуӈкве,мокнуть
ёт-а̄лмаяӈкве,захватить
ёт-ва̄нттуӈкве,увести
ёт-виӈкве,взять
ёт-квалыгла̄луӈкве,провожать
ёт-тотуӈкве,унести
ёт-тотыглаӈкве,брать с собой
ётлопся,скребок для выделки камуса
ё̄хсуӈкве,вертеться
ёхтала̄луӈкве,являться
ёхтыгпаӈкве,прийти
ёхул,юкола
иксям,нечистый
иксямтаӈкве,брезговать
инар,седло
инартаӈкве,оседлать
ис,душа
исвеся,свеча
исгасьлаӈкве,перелетать
исхор,тень
исыгла̄луӈкве,нагреваться
исыглаӈкве,нагреться
исылта̄нтуӈкве,подогревать
итуӈкве,перепрыгивать с ветки на ветку
иӈыт,ещё не
ӣныг,шиповник
ӣныгйӣв,шиповник
ӣснас,окно
ӣснасйӣв,рама
ӣснаске̄р,стекло
ӣснасто̄р,занавеска
ӣснасха̄п,подоконник
ӣсум,горячий
йӣв,дерево
йӣво̄выл,палочка
йӣвта̄л,безлесный
йӣвхастул,заноза
йигирись,сестрёнка
йиймыгтаӈкве,начать двигаться
йинсахтуӈкве,заниматься кройкой
йинсуӈкве,скроить
йинуӈкве,кроить
йипыг,филин
йир,рел.жертва
йирхатуӈкве,приносить жертву
йис,древний
ка̄кв,кашель
ка̄квасаӈкве,кашлянуть
ка̄квуӈкве,кашлять
ка̄ль-нёхыс,соболь-самка
ка̄ль-охсар,лисица-самка
ка̄мнямаӈкве,размякнуть
ка̄ньсюӈкве,сохнуть
ка̄рай,стерлядь
ка̄ралаӈкве,ковырять
ка̄рвыльтан хо̄тпа,сторож
ка̄ркам,трудолюбивый
ка̄с ва̄руӈкве,веселиться
ка̄сала̄лыглаӈкве,замечать
ка̄сася̄лыглаӈкве,соглашаться
ка̄сасяӈкве,согласиться
ка̄снакол,тюрьма
ка̄ста̄лва̄руӈкве,огорчить
ка̄стыл,призыв
ка̄сыӈысь,весело
ка̄т,рука
ка̄тн-паттала̄луӈкве,приобретать
ка̄тн-патуӈкве,попасться
ка̄тпа̄сыглап,шило
ка̄тпал,однорукий
ка̄тпатта,ладонь
ка̄тпос,подпись
ка̄тсор,запястье
ка̄тсув,посох
ка̄тта̄л,безрукий
ка̄ттуп,рулевое весло
ка̄тхопи,кисть руки
ка̄тхуӈари,горсть
ка̄тыл,вручную
камка,морда
канась,князь
кант,зло
кантмалтахтуӈкве,поссориться
кантмуӈкве,рассердиться
кар,чёрный дятел
каргалтахтуӈкве,зарычать
каргуӈкве,рычать
карыс,высокий
касай,нож
кастуӈкве,закрыться платком
касыр,карты
касырлаӈкве,играть в карты
кась,младший брат
кати,кошка
каткасы,синица
кӣврыӈ,глубокий
кӣвтуӈкве,точить
кӣвтхатуӈкве,точить
кӣвыр,сосуд
кӯвысь,гусь
ква̄лтапаӈкве,вспугнуть
ква̄лумпа̄л,левый
ква̄лумпа̄лн,влево
ква̄лумпа̄лт,слева
ква̄луӈкве,встать
ква̄лыг,верёвка
ква̄рак,связка
ква̄ракта̄нтуӈкве,нанизывать
ква̄рактаӈкве,нанизать
ке̄лаяӈкве,алеть
ке̄ллуӈкве,красить
ке̄лп,кровь
ке̄лппил,смородина
ке̄лпта̄рс,кровеносный сосуд
ке̄лпхарпа,тёмно-красный
ке̄лпыӈ,кровавый
ке̄лыг,болото
ке̄мплы,пола
ке̄нс,меховой чулок
ке̄р,железо
ке̄р ва̄рнэ кол,кузница
ке̄р ва̄рнэ хум,кузнец
ке̄расыӈ,скалистый
ке̄ркат,клещи
ке̄рква̄лыг,проволока
ке̄рлё̄х,железная дорога
ке̄рняль,капкан
ке̄рсалаӈкве,запрягать
ке̄рсоль,гвоздь
ке̄рсяк,молоток
ке̄рта̄н,проволока
ке̄руӈкве,запрячь
ке̄рыгла̄луӈкве,запрягать
ке̄рыӈ хомлах,жук
ке̄тапаӈкве,отослать
ке̄туӈкве,послать
ке̄тыгла̄луӈкве,посылать
ке̄ӈын,застёжка
кинсасьлаӈкве,отыскивать
кирпась,кирпич
киртыг,кряква
кис,обруч
кисгил,свисток
кисгуӈкве,свистеть
кисгыглаӈкве,посвистывать
кисгынут,свисток
кислыгтаӈкве,отыскать
кисмаяӈкве,поискать
киснэ ва̄рмаль,поиск
кисувлан суй,свист
кисувлаӈкве,свистнуть
кисуп,рябчик
кисхатыгла̄луӈкве,обыскивать
кит,два
китапахтуӈкве,расспросить
китапаӈкве,спросить
китнак лю̄лит,двухэтажный
китса̄т,двести
китса̄тыт,двухсотый
китты̄г,разделить пополам
китхуйплов,двенадцать
китхуйпловит,двенадцатый
китыг,двойка
китыгла̄лыглаӈкве,спрашивать
китыглахтуӈкве,расспросить
китыглахтын,вопросительный
китыглаӈкве,спросить
китынты̄г,вторично
китэ̄лмип касай,ножницы
кӯм,мгновение
кӯмта̄л,нетерпеливый
кӯньгаса̄луӈкве,улыбнуться
кӯньгил,улыбка
кӯньгуӈкве,улыбаться
койгалахтын а̄мп,ищейка
койгалаӈкве,преследовать
койп,бубен
койхатуӈкве,идти по следу
кол,дом
колала,потолок
колас,мука
колкан,пол
колнак,комната
колнор,бревно
колпал,шалаш
колпох,фундамент
колта̄гыл,семья
колыӈ,домашний
кон-а̄ӈквата̄лыглаӈкве,выглядывать
кон-а̄ӈкватаӈкве,выглянуть
кон-ва̄ӈкуӈкве,выползти
кон-ва̄ӈкыглаӈкве,выползать
кон-ква̄луӈкве,выйти
кон-контуӈкве,всплыть
кон-лайхатуӈкве,выброситься
кон-лаквуӈкве,вылезти
кон-лю̄люӈкве,торчать
кон-нэ̄глуӈкве,показаться
кон-ня̄влуӈкве,выгнать
кон-нёруӈкве,выползти
кон-овуӈкве,вытечь
кон-пасапаӈкве,выбраться
кон-пасиртаӈкве,выжать
кон-патуӈкве,выпасть
кон-повараӈкве,выкатиться
кон-поварттаӈкве,выкатить
кон-порыгмаӈкве,выскочить
кон-равтуӈкве,выплеснуть
кон-рагатаӈкве,выпасть
кон-ро̄ӈхыгла̄луӈкве,выкликать
кон-салямаӈкве,выплюнуть
кон-со̄суӈкве,вылить
кон-со̄схатыгла̄луӈкве,выливаться
кон-тагатаӈкве,вывесить
кон-тактапаӈкве,высунуть
кон-таратаӈкве,выпустить
кон-ха̄йтуӈкве,бегать
кон-ха̄йтыгтаӈкве,бегать
кон-хассумтаӈкве,вытащить
консуп,гребень
консыгтаӈкве,схватить
контгуӈкве,кишеть
коныл-минуӈкве,обойти
коныл-сунсуӈкве,заглядывать
коныл-ялантаӈкве,обходить
коныло̄выл,локоть
коныпа̄л,внешняя сторона
косум,берестяной сосуд
косяр,бурундук
котыртахтуӈкве,обжечься
котыртаӈкве,обжечь
кӯпна,копна
кӯпнит,лёгкий
кӯпнямтаӈкве,облегчить
кӯсяй,хозяин
кӯтюв,собака
кӯтюврись,щенок
куккасьла̄луӈкве,куковать
куккук,кукушка
кумал,пасмурный
кумралтаӈкве,барабанить
кумыска,стекло
кунятаӈкве,усмехнуться
курата̄луӈкве,прогреметь
кургын суй,грохот
курстаӈкве,шуршать
кусинлаӈкве,подкупить
кусыглаӈкве,намереваться
ла̄вантаӈкве,поговаривать
ла̄вим пора,срок
ла̄вуӈкве,сказать
ла̄вхатуӈкве,договориться
ла̄выглаӈкве,говорить
ла̄вылтаӈкве,называть
ла̄глыл,пешком
ла̄гыл,нога
ла̄гылнмаснут,обувь
ла̄гылпатта,ступня
ла̄гылсор,голень
ла̄квамлаӈкве,двинуться
ла̄кква-ке̄туӈкве,разослать
ла̄кква-ло̄сталаӈкве,разобрать
ла̄кква-маныгтаӈкве,разодрать
ла̄кква-миӈкве,раздать
ла̄кква-нортуӈкве,разостлать
ла̄кква-ня̄влуӈкве,разогнать
ла̄кква-па̄рссатаӈкве,распуститься
ла̄кква-па̄рыстаӈкве,растопырить
ла̄кква-па̄хвтуӈкве,разбросать
ла̄кква-патуӈкве,разлучиться
ла̄кква-пинуӈкве,разложить
ла̄кква-расгалтаӈкве,разбрызгать
ла̄кква-сартуӈкве,растереть
ла̄кква-со̄суӈкве,разлить
ла̄кква-та̄ратаӈкве,распустить
ла̄кква-тагталаӈкве,развешать
ла̄кква-тыламлаӈкве,разлететься
ла̄кква-уртуӈкве,разделить
ла̄кква-ха̄йтуӈкве,разбежаться
ла̄кква-хартуӈкве,растянуть
ла̄кква-хилуӈкве,разрыть
ла̄кква-ялуӈкве,ходить врозь
ла̄кква-ӯнттуӈкве,рассадить
ла̄кква-ӯнтуӈкве,рассесться
ла̄пала̄луӈкве,обманывать
ла̄панты,бабочка
ла̄пка,магазин
ла̄плуӈкве,обмануть
ла̄плыл,обман
ла̄сиглаӈкве,выслеживать
ла̄сьмарт,постепенно
ла̄сьхатуӈкве,ожидать
ла̄т,манера
ла̄тыӈ миӈкве,обещать
ла̄хыс,гриб
лав,ненависть
лав нэ̄гылттаӈкве,презирать
лайхатуӈкве,броситься
лайхатыгла̄луӈкве,бросаться
лаквасаптуӈкве,двинуть
лаквасаӈкве,подвинуться
лаквата̄луӈкве,двигать
лаквтуӈкве,подвинуть
лаквуӈкве,двигаться
лап-а̄мараӈкве,залить
лап-ва̄руӈкве,заделать
лап-во̄тастаӈкве,занести снегом
лап-лэ̄пуӈкве,закрыть
лап-ма̄гумтаӈкве,заткнуть
лап-ма̄нигтаӈкве,закутать
лап-пантуӈкве,закрыть
лап-са̄йлуӈкве,заслонить
лап-сартуӈкве,замазать
лап-со̄суӈкве,залить
лап-тагатаӈкве,завесить
лап-тотуӈкве,занести
лап-тумантаӈкве,замкнуть
лап-тӯюӈкве,запорошить
лап-ханлаӈкве,заклеить
лап-харыгтаӈкве,погасить
лап-ю̄нтуӈкве,зашить
лапуӈкве,подняться
ларгуӈкве,крутиться
ларысь,хвощ
ле̄ккар,врач
ле̄ӈкталахтуӈкве,натыкаться
ле̄ӈктхатуӈкве,наткнуться
лё̄мвой,комар
лё̄мвой то̄р,накомарник
лё̄хъяс,тропа
ликмуӈкве,попасть
ликмыгла̄луӈкве,попадать
лӯймас,пешня
лӯлы,гагарка
ло̄вась,скамья
ло̄маралуӈкве,морщиться
ло̄тхатаӈкве,линять
лов,десять
ловит,десятый
ловман,десяток
лолгуӈкве,галдеть
лолта,заплата
ломари,морщина
ломариӈ,морщинистый
ломарта̄луӈкве,морщить
ломартахтыглаӈкве,морщиться
ломгуӈкве,ворчать
лоньсиӈ,тёплый
лось,перепел
лотгуӈкве,трещать
лотых,уголь
лӯпи,коряга
лӯпта,лист
лӯптаӈ,лиственный
лӯргуӈкве,звенеть
лӯс,болотистый луг
лувкол,конюшня
лум,жар
лумыӈ,жаркий
лунт,гусь
лунт пы̄грись,гусёнок
лусытаӈкве,служить
лусь,слюна
лыви,тина
лылаяӈкве,вдохнуть
лылтасаӈкве,вздохнуть
лылтуӈкве,дышать
лылы пӯвласаӈкве,дохнуть
лылы та̄рата̄лыглаӈкве,выдыхать
лылы та̄рматуӈкве,выдохнуть
лылы хартуӈкве,вдыхать
лылы хасумтаӈкве,вдохнуть
лылыта̄л,неживой
лылыэп,воздух
лыпась паттуӈкве,освободить
лыпась патуӈкве,освободиться
лыпиӈ,лохматый
лэ̄ватаӈкве,вынуть
лэ̄гпуӈкве,линять
лэ̄пуӈкве,покрыть
лэ̄пхатуӈкве,покрыться
лэ̄пхатыгла̄луӈкве,покрываться
лэ̄пыгла̄луӈкве,покрывать
лэ̄пык,песец
лэ̄стан,брусок
лэ̄стантаӈкве,точить
лэ̄сьмалта̄лыглаӈкве,разводить огонь
лэ̄сьмалтаӈкве,развести огонь
лэ̄ӈкв,детское меховое одеяльце
лэ̄ӈын,белка
лю̄камтаӈкве,упрекать
лю̄лиӈ,высокий
лю̄ль,плохой
лю̄льсыӈ,плохо
лю̄люӈкве,стоять
лю̄ляхо̄луӈкве,стоять
лю̄ньсюӈкве,плакать
лю̄ньсялтахтуӈкве,заплакать
лю̄сьсуй,плач
ля̄втуӈкве,ругаться
ля̄выльттаӈкве,ругать
ля̄галаӈкве,молвить
ля̄гантаӈкве,говорить
ля̄м,черёмуха
ля̄мйив,черёмуха
ля̄сямтаӈкве,медлить
лякан,задвижка
лякитаӈкве,щекотать
ляпа,близкий
ляпама̄лыглаӈкве,приближаться
ляпамаӈкве,приблизиться
ляпамта̄лыглаӈкве,приближать
ляпамтаӈкве,приблизить
лясгуӈкве,щёлкать
лятата̄нтуӈкве,потрескивать
лятатаӈкве,треснуть
лятгилыӈ,трескучий
лятгуӈкве,трещать
мӯӈи,яйцо
ма̄г,мёд
ма̄гва̄руп,пчела
ма̄гумтахтуӈкве,сунуться
ма̄гумтаӈкве,сунуть
ма̄гуӈкве,совать
ма̄гыл,грудь
ма̄гырта̄лыглаӈкве,заставлять
ма̄гыӈ,медовый
ма̄йт,печень
ма̄к,правда
ма̄кол,землянка
ма̄кы̄г,обязательно
ма̄кыӈысь,правдиво
ма̄лтып,тёплый
ма̄лтыпмаӈкве,потеплеть
ма̄нт,лопата
ма̄ныр,мест.что
ма̄нь олнкер,мелочь
ма̄ньлат ма̄хум,молодёжь
ма̄ньмил,свёрток
ма̄ньмис,телёнок
ма̄ньпора,детство
ма̄ньсак,бисер
ма̄ньсалаӈкве,мять
ма̄ньси,манси
ма̄ньсункве,санки
ма̄ньсуп,штаны
ма̄ньхул,малёк
ма̄нюй,мошкара
ма̄нюмтаӈкве,обернуть
ма̄нют,малютка
ма̄порсуй,мышь
ма̄сьтыр,искусный
ма̄сьтырлаӈкве,мастерить
ма̄тапрись,мышь
ма̄тар,червь
ма̄тьня,мотня
ма̄хар,мамонт
ма̄ӈквла,сова
ма̄ӈхв,обух
маимут,задание
майла̄лыглаӈкве,давать
майхатуӈкве,сдаться
майхатыгла̄луӈкве,сдаваться
манах,сколько
мангасьлаӈкве,трепать
манкем,сколько
манса̄вит,нареч.сколько
мансын,глухарь
манумтахтуӈкве,рвануться
манумтаӈкве,рвануть
манхурип,мест.какой
мань,сноха
маньнэ,невеста
марсюмлаӈкве,загрустить
марум,тесный
марылтахтуӈкве,тесниться
марылтаӈкве,теснить
маснут,одежда
маськ,хвост оленя
матахкем,мест.несколько
матахмат,мест.несколько
матум,старый
матум о̄йка,старик
матум пора,старость
матум э̄ква,старуха
матумпа̄ла,пожилой
матуӈкве,состариться
матхурип,мест.какой-то
матырсыр,мест.какой-то
мӯвылта̄лыглаӈкве,окружать
мӯвылтаӈкве,окружить
ме̄ритаӈкве,мерять
ме̄сгыӈ,извилистый
ме̄т,плата
ме̄тала̄лыглаӈкве,нанимать
ме̄талахтуӈкве,наняться
ме̄талахтыглаӈкве,наниматься
ме̄талаӈкве,нанять
ме̄ӈкв,великан
миӈкве,дать
мил,глубокий
милысь,глубоко
милыт,глубина
миргалтахтуӈкве,загреметь
миргуӈкве,греметь
мис,корова
мис пы̄грись,телёнок
мисвой,масло
мислы,смешанный кедровый лес
мӯйлалтаӈкве,угощать
мӯйлуӈкве,гостить
мӯйнэ,гостья
мӯйхум,гость
мӯлгуӈкве,клубиться
мо̄йт,сказка
мо̄йтак,мыло
мо̄йтакыӈ,мыльный
мо̄йтуӈкве,рассказывать сказки
мо̄л,прошлый
мо̄лты,прошлый
мо̄лхо̄тал,вчера
мо̄рмыӈ,сборчатый
мо̄рсыӈ,редкий
мо̄ртмил,измерение
мо̄ртуӈкве,измерить
мо̄ртыглаӈкве,измерять
мо̄рум,складка
мо̄тан,другой
мо̄тхо̄тал,послезавтра
мо̄тхо̄тпа,чужой
мо̄тынтыг,на следующий год
мольсяӈ,малица
молямтаӈкве,торопить
моляхыл,нареч.скоро
морах,морошка
моргуӈкве,хрустеть
мосмуӈкве,заболеть
мосыӈ,больной
мось,нареч.немного
мосься,нареч.мало
мосьсял,нареч.понемногу
мосьсямаӈкве,уменьшиться
мосьсямта̄лыглаӈкве,уменьшать
мосьсямтаӈкве,уменьшить
мохлыл,узел
мохсыӈ,муксун
мӯра,рог молодого оленя
мӯрмуӈкве,нырнуть
мӯрсуӈкве,нырять
мӯстуӈкве,нравиться
мувала̄нтуӈкве,посмеиваться
мувалаӈкве,засмеяться
мувиньт,смех
мувиньтаӈкве,смеяться
мулум,шаловливый
мулумлан а̄гирись,шалунья
мулумлан пы̄грись,шалун
мулы,передний
мутра,мудрость
на̄й,огонь
на̄йвой,нефть
на̄йив,дрова
на̄йн тыттуӈкве,сжечь
на̄йне̄лум,пламя
на̄йтэм,гарь
на̄йӈтуйт,поезд
на̄лкуӈкве,очистить ствол от ветвей
на̄лми,прибрежный
на̄лув-ва̄глуӈкве,спуститься
на̄лув-нарыгтахтуӈкве,оттолкнуться
на̄лув-тагатаӈкве,повесить
на̄лув-тотуӈкве,отнести на берег
на̄лув-туясаӈкве,толкнуть по направлению к водоёму
на̄пар,сверло
на̄талта̄луӈкве,плыть
на̄хваса̄лыглаӈкве,клевать
на̄хвасаӈкве,клюнуть
на̄ӈк,лиственница
на̄ӈкта̄л,невидимый
на̄ӈкуӈкве,виднеться
наӈкасьлаӈкве,виднеться
налыман,сорок
налыманыт,сороковой
намта̄л,безымянный
нарумтахтуӈкве,оттолкнуться
нарумтаӈкве,толкнуть
нарыгта̄лыглаӈкве,толкать
нарыӈ-карыӈ,дерзкий
нас,простой
не̄выр,жеребёнок
не̄лмасьлаӈкве,говорить неправду
не̄лум,язык
не̄р,пена
не̄рыӈ,пенистый
нё̄влиӈ-тэ̄пыӈ,полный
нё̄выль,мясо
нё̄тмил,помощь
нё̄тнэ,красивый
нё̄тта̄л,некрасивый
нё̄тхатуӈкве,помогать
нё̄тылтахтуӈкве,красоваться
нёвитахтуӈкве,качаться
нёвитаӈкве,качать
нёвлитаӈкве,пополнеть
нёвсалтахтуӈкве,зашевелиться
нёвсалтаӈкве,пошевелить
нёвсатта̄л,неподвижный
нёвсуӈкве,шевелиться
нёл,нос
нёлантахтуӈкве,облизываться
нёлантаӈкве,лизать
нёлква̄лыг,вожжи
нёлолов,восемь
нёлоловит,восьмой
нёлоловса̄т,восемьсот
нёлоловса̄тыт,восьмисотый
нёлоловхуйплов,восемнадцать
нёлоловхуйпловит,восемнадцатый
нёлса̄т,восемьдесят
нёлсамас,ноздря
нёлсатыт,восьмидесятый
нёлсори,переносица
нёлувъяӈкве,лизнуть
нёплув,не плюй
нёрамы̄г,плавно
нёрмыгтаӈкве,поползти
нёрсуӈкве,ползать
нёруӈкве,ползти
нёсарта̄луӈкве,морщить
нёхыс,соболь
нила,четыре
ниласа̄т,четыреста
нилахуйплов,четырнадцать
нилахуйпловит,четырнадцатый
нилыт,четвёртый
нильсуп,скребок для чистки рыбы
нильталахтуӈкве,царапаться
нильталаӈкве,царапать
нильтаӈ,яр
нилюӈкве,чистить
нимсаре̄ква,паук
нир,прут
нирсяхыл,куст
нирталахтуӈкве,заниматься грабежом
нирталаӈкве,грабить
нисыг,молока
нисьта,необученный
но̄х-атуӈкве,собрать
но̄х-ва̄ӈкуӈкве,выкарабкаться
но̄х-лю̄люӈкве,встать
но̄х-масуӈкве,надеть
но̄х-нэ̄глуӈкве,взойти
но̄х-патуӈкве,победить
но̄х-пе̄лаяӈкве,воспламениться
но̄х-порыгма̄луӈкве,подпрыгнуть
но̄х-рохтуптаӈкве,потревожить
но̄х-са̄йкатаӈкве,разбудить
но̄х-тагматуӈкве,повесить
но̄х-ха̄ӈхуӈкве,взобраться
но̄х-хилуӈкве,выкопать
но̄х-хораяӈкве,вспыхнуть
но̄х-хулиглаӈкве,всплыть
но̄х-яныгмаӈкве,вырасти
но̄х-ӯрмыгтаӈкве,поддержать
но̄хасьлаӈкве,прихрамывать
но̄хуӈкве,хромать
но̄ӈхаль,вверх
новтуп,скребок
нолвит,наледь
номсахтуӈкве,раздумывать
номсыглаӈкве,размышлять
номтыл,наизусть
номтыӈ,умный
номуӈкве,помнить
номылмаптуӈкве,напомнить
нор,бревно
норма,полка
нортгала̄луӈкве,расстилать
нортуӈкве,стлать
нортхатуӈкве,стлаться
нот,век
нотыӈ,вечный
нуй,сукно
нуй сахи,шуба
нуйгалаӈкве,ободрать
нуйхатуӈкве,помчаться
нул,стремнина
нуми,верхний
нумын,вверху
нур,месть
нуралаӈкве,обвинять
нусаг,бедно
нусаг патуӈкве,обеднеть
ный,тётя
нэ̄,женщина
нэ̄ тотуӈкве,жениться
нэ̄ви са̄лы,важенка
нэ̄мат,никакой
нэ̄матырсыр,мест.никакой
нэ̄мхо̄тпа,никто
нэ̄мхотмус,никак
нэ̄мхотталь,никуда
нэ̄мхотъют,никто
нэ̄мхуньт,никогда
нэ̄мхурип,никакой
нэ̄пак,бумага
нэ̄пакыӈ,грамотный
нэ̄рнэ йӣв,скрипка
нэ̄рп,краска
нэ̄руӈкве,играть на скрипке
нэ̄та̄л,неженатый
нэ̄ӈ,женатый
ню̄нсалта̄луӈкве,вытягивать
ню̄нсалтахтыглаӈкве,потягиваться
ню̄нсуӈкве,вытянуться
ню̄рум ӯй,медведь
ню̄сум,дальний родственник
нюлми,рана
нюлмиӈ,раненый
нюлт,клятва
нюлтуӈкве,клясться
нюлы,пихта
нюлыкис,радуга
нюсы,лишайник
ня̄вгуӈкве,мяукать
ня̄влак,мягкий
ня̄влалахтуӈкве,гоняться
ня̄влалаӈкве,гонять
ня̄влумтахтуӈкве,погнаться
ня̄врам,ребёнок
ня̄врам ӯрнэ нэ̄,няня
ня̄врам ӯруӈкве,нянчить
ня̄врамта̄л,бездетный
ня̄вылхатуӈкве,гнаться
ня̄ксюӈкве,шлёпать
ня̄ксятаӈкве,шлёпнуться
ня̄куӈкве,мять
ня̄л,стрела
ня̄лтуп,крохаль
ня̄лы,ложка
ня̄ль,слопец
ня̄льсиӈ,скользкий
ня̄льсь,слизь
ня̄льсятаӈкве,поскользнуться
ня̄нь,хлеб
ня̄п,телёнок лося
ня̄р,болото
ня̄ра,чирки
ня̄рав,белый
ня̄рка̄т,крот
ня̄рпил,незрелая ягода
ня̄рппум,зелень
ня̄рппумоспа,зелёный
ня̄рум,анат.лопатка
ня̄хсям,жабры
ня̄ӈхасаӈкве,взвизгнуть
ня̄ӈхасьлаӈкве,повизгивать
нялык,сельдь
няртумтаӈкве,обобрать
няртуӈкве,сосать
няс,тупой
няслуӈкве,удить
нясмуӈкве,затупиться
няхтуӈкве,чихать
о̄вас,овёс
о̄влыӈ,виновный
о̄выл,начало
о̄вылматуӈкве,начать
о̄вылматыгла̄луӈкве,начинать
о̄вылта̄лыглаӈкве,начинать
о̄вылтаӈкве,начать
ов,течение
овмыгтаӈкве,потечь
овра,грубый
овтаӈ палум,оса
овтуӈкве,течь
овумлаӈкве,потечь
овуӈкве,течь
оигпа̄лыглаӈкве,освобождаться
оигпан о̄выл,конец
оигпаӈкве,освободиться
оилматуӈкве,уснуть
оилтаӈкве,усыпить
о̄йка,мужчина
о̄йнас,эхо
ойгалаӈкве,разбегаться
ойта,заливной луг
ойталаӈкве,платить
ойтуӈкве,уплатить
ойтхатуӈкве,расплатиться
ойтхатыгла̄луӈкве,расплачиваться
ойтыгла̄луӈкве,платить
о̄лантаӈкве,существовать
о̄лмыгта̄лыглаӈкве,поселяться
о̄лмыгтаптуӈкве,поселить
о̄лмыгтаптыгла̄луӈкве,поселять
о̄лмыгтаӈкве,поселиться
о̄лнэ нак,период жизни
о̄лта̄л,необитаемый
о̄лтгалаӈкве,соединять
о̄лтуӈкве,соединить
о̄лупса,жизнь
о̄лыглам нак,случай
о̄лыглатта̄л,необыкновенный
о̄люп,краска
о̄люпта̄лыглаӈкве,раскрашивать
о̄люптаӈкве,красить
олн,деньги
олнкас,кошелёк
олныӈ,денежный
ома,мама
о̄нтантаӈкве,прибывать
о̄нтуӈкве,прибыть
о̄ньсюӈкве,иметь
онтас,помощь
онтастаӈкве,помочь
онтолов,девять
онтоловит,девятый
онтоловсат,девятьсот
онтоловхуйплов,девятнадцать
онтоловхуйпловит,девятнадцатый
онтырса̄т,девяносто
онтырса̄тыт,девяностый
о̄па,дед
о̄парисьнам,фамилия
орвиньт,вой
орвиньтаӈкве,выть
о̄сь,плетень
осма хӯрыг,подушка
оссам,глупый
оссы,мягкая стружка
осыт,толщина
осыӈ-cа̄йтыӈ,сознательный
осьсялэ̄гпа,ящерица
осьсямтаӈкве,сузить
осьхолиӈ,интересный
осьхоль,шутка
осьхольлаӈкве,шутить
осял,бродяга
осямахтуӈкве,удивиться
осята̄луӈкве,удивлять
осятаптуӈкве,удивить
осятахтуӈкве,удивиться
о̄ты,ласковый
о̄тыр,богатырь
оӈтил,ребро
о̄хтуӈкве,смолить
о̄хтырлаӈкве,валяться в беспорядке
о̄хтыртаӈкве,разбросать в беспорядке
о̄хыӈтовыль,кожа
охсар,лиса
охсар пы̄грись,лисёнок
оюӈкве,убежать
пӯӈ,богатство
пӯӈкто̄р,платок
пӯӈкыӈ,зубастый
пӯӈыӈ,богатый
па̄влыӈ,деревенский
па̄г-минуӈкве,подняться с берега
па̄г-патуӈкве,табуир.умереть
па̄гле,на берег
па̄йп,кузов
па̄йт,щека
па̄йтахтуӈкве,кипеть
па̄кв,шишка
па̄квсам,орех
па̄квтэ̄пинэ,кедровка
па̄крип,погреб
па̄лыг-воӈнуӈкве,раздуться
па̄лыг-ка̄ралаӈкве,расковырять
па̄лыг-лаквтуӈкве,раздвинуть
па̄лыг-манумтаӈкве,разорвать
па̄лыг-па̄рссатаӈкве,распускаться
па̄лыг-покматаӈкве,взорваться
па̄лыг-пувтуӈкве,выдолбить
па̄лыг-пӯнсуӈкве,распахнуть
па̄лыг-рагатаӈкве,распахнуться
па̄лыг-са̄грапаӈкве,расколоть
па̄лыг-сылуӈкве,разрезать
па̄лыг-то̄лматаӈкве,разорваться
па̄лыг-халытаӈкве,расколоть
па̄лыг-яктуӈкве,разрезать
па̄ля,овца
па̄ля пы̄грись,ягнёнок
па̄нт,племянник
па̄нта̄ны,блюдце
па̄нттыг-ра̄туӈкве,прибить
па̄нттыг-таӈыртаӈкве,раздавить
па̄нттыг-ю̄ныгтаӈкве,ударить
па̄нттыг-ялыглаӈкве,растоптать
па̄нттыг-ё̄масаӈкве,растоптать
па̄рата̄луӈкве,фыркнуть
па̄ргуӈкве,фыркать
па̄рт,доска
па̄сгалтахтуӈкве,закапать
па̄сгуӈкве,капать
па̄сса,рукавица
па̄ссамаӈкве,капнуть
па̄сыг,оленёнок
па̄тамтаӈкве,выстрелить
па̄тас,перевес
па̄тлуптаӈкве,стрелять
па̄хвтхатуӈкве,кидаться
па̄хвтыглаӈкве,швырять
па̄хвыӈ,широкий
па̄хвыӈы̄г,широко
па̄я тулё̄выл,большой палец
па̄ялтаптуӈкве,вскипятить
па̄ялтаӈкве,закипеть
па̄ӈк,грязь
па̄ӈх,мухомор
па̄ӈхвит,ширина
палиӈ,ушастый
палиӈ ке̄нт,шапка-ушанка
палиӈ пӯт,кастрюля
палкалтаӈкве,теребить
паль,ухо
пальсимсяк,серьга
пальсуй,слух
пальта̄л,глухой
пальта̄л патуӈкве,оглохнуть
пангуӈкве,жужжать
пантапаӈкве,захлопнуть
паргалтахтуӈкве,отряхнуться
пармахтуӈкве,встряхнуться
паруӈкве,закончиться
пасан,стол
пасапатта̄л,безвыходный
пасапаӈкве,продырявиться
пасатаӈкве,продырявить
пасирматуӈкве,прищемить
пасиртахтуӈкве,сжаться
пасиртахтыгла̄луӈкве,сжиматься
пасматаӈкве,запахнуть
пасуӈкве,пахнуть
пасьруӈкве,щипать
пася,здравствуй
пася ла̄тыӈ,привет
пася олэн,здравствуй
пася̄рйив,рябина
пасялахтуӈкве,здороваться
пасяр,рябина
пасяӈ,приветливый
патталаӈкве,ронять
паттата̄л,бездонный
паттуӈкве,уронить
паттыгла̄луӈкве,назначать
паттыл,сбивание
патыгла̄нтуӈкве,выпадать
патыглаӈкве,опадать
пӯвласаӈкве,дунуть
пӯвласпи,опухоль
пӯвлахтуӈкве,опухнуть
пӯвлуптаӈкве,выкупать
пӯвлуӈкве,купаться
пӯвлынкол,баня
пӯвыр,пузырь
пӯвырут,шар
пе̄ламлаӈкве,загореться
пе̄ламта̄лыглаӈкве,зажигать
пе̄ламтаӈкве,зажечь
пе̄лпысь,быстро
пе̄лтхатуӈкве,уколоться
пе̄лхатуӈкве,врезаться
пе̄лялахтуӈкве,колоться
пе̄лялахтын,колючий
пе̄нтсыл,замена
пе̄нтхатыгла̄луӈкве,обмениваться
пе̄р,продольный брус над краем нар
пе̄рина,перина
пе̄рияӈкве,выбрать
пе̄рмил,портянка
пе̄рна,крест
пе̄рсюӈкве,бороться
пе̄румтахтуӈкве,обернуться
пе̄руӈкве,перевязать
пе̄рхатуӈкве,придираться
пе̄спора,старина
пе̄ста̄гыл,нареч.издавна
пе̄сталаӈкве,развязывать
пе̄стуӈкве,развязать
пе̄сь,бедро
пе̄туӈкве,опускать
пегруӈкве,обознаться
пӯил,с берега
пӯин,на берегу
пил,ягода
пилуптахтуӈкве,угрожать
пилуптаӈкве,пугать
пилысьма,страх
пинтла̄лыглаӈкве,класть
пинтлуӈкве,положить
пинхатаӈкве,нарядиться
пиныгла̄луӈкве,класть
пирас,собачья шлейка
пирва,чирок
писаль,ружье
писаль ло̄с,приклад
писаль ня̄л,пуля
писаль сӯнт,дуло
писаль ёвт,курок
писъян,пыжьян
письгасаӈкве,пискнуть
письгуӈкве,пищать
письпись,мышь
питар,опушка леса
пити,гнездо
питьми,губа
пӯл,кусочек
пӯлтнут,приманка
пӯлтуӈкве,насаживать приманку
пӯмасипа,спасибо
пӯмасипаӈ,благодарный
пӯмасьӈ,интересный
пӯнсуӈкве,открыть
пӯнсыгла̄луӈкве,открывать
по̄йтантаӈкве,переставать
по̄йтнэ̄г,досыта
по̄йтса̄лыглаӈкве,задерживаться
по̄йтсуӈкве,задержаться
по̄йтта̄л,беспрерывный
по̄йтуӈкве,перестать
по̄ль,наст
по̄льсам,град
по̄льтахтуӈкве,простудиться
по̄льтул,бельмо
по̄люй,снегирь
по̄люӈкве,замёрзнуть
по̄ля̄мвой,сало
по̄лянтаӈкве,зябнуть
по̄р,икра
по̄ри,поперечный
по̄рха,парка
по̄рхай,вьюга
по̄рых,туловище
по̄сла̄лыглаӈкве,рисовать
по̄слахтуӈкве,сфотографироваться
по̄слымут,рисунок
по̄стхатуӈкве,целиться
по̄сум,корма
по̄сыл пинуӈкве,обозначить
по̄сьгуӈкве,лепить
по̄х,бок
по̄хан-ва̄рхатуӈкве,посторониться
по̄хан-лаквасаптуӈкве,отодвинуть
по̄хан-минуӈкве,удалиться
по̄хан-паттуӈкве,удалить
по̄хан-хуйтуӈкве,отвлечь
по̄хан-ё̄ӈхуӈкве,свернуть
по̄хлап,пуговица
по̄хлапта̄лыглаӈкве,застёгивать
по̄хлаптаӈкве,застегнуть
по̄хыс,личинка овода
по̄яр,боярин
по̄ӈт,нарост
повараӈкве,катиться
повармаптуӈкве,покатить
поварттаӈкве,покатить
покапаӈкве,лопнуть
покат,подпорка
поклуӈкве,лопаться
поклын суй,треск
покматаӈкве,треснуть
поктул,трещина
полых,сопли
польтахтыгла̄луӈкве,простужаться
пон,сеть
понигтаӈкве,давить
понсантаӈкве,созревать
понсуӈкве,созреть
понуӈкве,сучить
поньхуӈкве,хныкать
понюмта̄лыгла̄луӈкве,прижимать
понюмта̄нтуӈкве,прижимать
понюмтаӈкве,прижать
поргасьлаӈкве,подпрыгивать
поргуӈкве,прыгать
порсво̄ӈха,помойка
порсытаптуӈкве,засорить
порсытаӈкве,засориться
порсӯй,мышь
порыг,борщевик
порыгмаӈкве,прыгнуть
порыгпанэ̄ква,лягушка
пос,свет
посал,протока
послуӈкве,смочить
постаяптуӈкве,осветить
постаяӈкве,светать
постыглаӈкве,рассветать
посым,дым
посымлаӈкве,дымить
посымтаптуӈкве,окуривать
посымыӈ,дымный
пот,пуд
потрамаӈкве,поговорить
потрыӈ,разговорчивый
потырта̄лыглаӈкве,рассказывать
потыртахтуӈкве,договориться
потыртахтыгла̄луӈкве,договариваться
пӯрысь,свинья
пӯрысь пы̄грись,поросёнок
пӯсас а̄ви,калитка
пӯсмак,весы
пӯсмакла̄лыглаӈкве,взвешивать
пӯсмаклаӈкве,взвесить
пӯська,бочка
пӯт,котёл
пӯти,пазуха
ра̄гпуӈкве,провалиться
ра̄кт,глина
ра̄мпгуӈкве,колыхаться
ра̄т,стук
ра̄талтаӈкве,застучать
ра̄тасьла̄лыглаӈкве,постукивать
ра̄тасьлаӈкве,постучать
равтасаӈкве,плеснуть
равтуӈкве,плескать
рагатаӈкве,упасть
рагуӈкве,лететь
ракв,дождь
раквсам,капля
раквуӈкве,идти
рамуӈкве,закопать
рапсяса̄луӈкве,подмигивать
расалтаӈкве,брызгать
расгалтаӈкве,разбрызгать
расгуӈкве,трепетать
расмалтаӈкве,распустить
расмаптуӈкве,брызнуть
расмуӈкве,износиться
рась,рысь
ре̄г,жар
ре̄гтыглаӈкве,вспотеть
ре̄гылттахтуӈкве,согреться
ре̄гылттаӈкве,согреть
ре̄гыӈ,жаркий
ре̄пуӈкве,метать
ре̄т,редкий
ре̄тлахтуӈкве,притвориться
ре̄тыӈ,ленивый
ре̄тыӈ хо̄тпа,лодырь
ро̄ви,можно
ро̄вла̄луӈкве,выравнивать
ро̄влахтуӈкве,сравняться
ро̄влахтыгла̄луӈкве,равняться
ро̄влаӈкве,сравнять
ро̄хсуй,крик
ро̄хтаӈкве,заставить кричать
ро̄ӈхалтахтуӈкве,закричать
ро̄ӈхувла̄луӈкве,прокричать
ро̄ӈхувлаӈкве,крикнуть
ро̄ӈхуӈкве,кричать
роплуӈкве,причалить
ропуӈкве,подплыть к берегу
росах,оборванный
ротамы̄г,спокойно
ротмыгпаӈкве,притихнуть
ротты̄г,спокойно
рохтасьлаӈкве,робеть
рохтуптатта̄л,неустрашимый
рохтуптаӈкве,напугать
рохтыглаӈкве,пугаться
рохтыл,испуг
рӯпатаӈ,трудный
рӯт,родня
рӯт нэ,родственница
рӯт хум,родственник
рӯтыӈ,породистый
рума,приятель
румалахтуӈкве,подружиться
русь,русский
са̄в,много
са̄вмалтмил,арифм.умножение
са̄вмуӈкве,увеличиться
са̄вни,черника
са̄выӈпал,большинство
са̄грап,топор
са̄грап нал,топорище
са̄гылсаӈкве,обломать
са̄йгантаӈкве,тлеть
са̄йк,трезвый
са̄йкалаӈкве,пробудиться
са̄йкатахтуӈкве,опомниться
са̄йкатаӈкве,разбудить
са̄йлаӈкве,скрыть
са̄ймила̄г,взаймы
са̄йтн ёхтуӈкве,очнуться
са̄йтта̄л,бесчувственный
са̄йтта̄л паттуӈкве,оглушить
са̄йттыглаӈкве,опомниться
са̄кваляк,сорока
са̄ки,верёвка
са̄ккар,сахар
са̄ккар а̄ны,сахарница
са̄латаӈкве,блеснуть
са̄лаяӈкве,сверкнуть
са̄лгуӈкве,засверкать
са̄лм,полоса
са̄лмыӈ,полосатый
са̄лы,олень
са̄лыӯй,волк
са̄лыӯй пы̄грись,волчонок
са̄мвар,самовар
са̄н,чуман
са̄нспуӈк,колено
са̄птуӈкве,присыпать
са̄пыӈ,трухлявый
са̄р хартуӈкве,нюхать табак
са̄р хӯрыг,кисет
са̄ра̄ньтсуп,табакерка
са̄ритахтуӈкве,жариться
са̄ритаӈкве,жарить
са̄рытым,жаренный
са̄скол,шалаш
са̄стум ма̄,равнина
са̄суӈкве,протекать
са̄сыл,течь
са̄тлов,семьдесят
са̄тловит,семидесятый
са̄тса̄тыт,семисотый
са̄тсат,семьсот
са̄тхуйплов,семнадцать
са̄тхуйпловит,семнадцатый
са̄тыл,заклинание
са̄ялта̄луӈкве,скрывать
са̄ялтахтыглаӈкве,скрываться
са̄ӈкв,поясница
са̄ӈква̄хвтас,почка
са̄ӈквылтап,струнный музыкальный инструмент
са̄ӈквылтаӈкве,играть на струнном музыкальном инструменте
са̄ӈки,чернядь
саӈквлыпил,клюква
саӈквлыпуӈк,кочка
саӈлатаӈкве,звенеть
саӈлуӈкве,звенеть
савалап,сирота
савыӈ,ленивый
савыӈкан,кладбище
савыӈы̄г о̄луӈкве,лениться
саг,коса
сагил,плетение
саглуӈкве,сердиться
саилтаӈкве,сгноить
саиӈ,гнойный
сай,гной
саймпум,лук
сака,очень
сакалтахтуӈкве,застонать
сакатаӈкве,портить
сакв,обломок
сакватахтуӈкве,ушибиться
саквнял,дробь
сакква̄лыг,бусы
сальгуӈкве,плевать
салямаӈкве,плюнуть
сам а̄хвтас,зрачок
самаиӈ,топкий
самвит,слеза
самкер,очки
самн патуӈкве,родиться
сампал,одноглазый
сампос,зрение
сампоста̄л,слепой
сампун,ресница
сампыльта̄л,слепой
самылтта̄лыглаӈкве,замечать
самылттаӈкве,заметить
сансытаӈкве,упасть на колени
сап,подпорка
саралахтуӈкве,придираться
саран,коми
сарано̄х,смола
саранха̄п,неводник
сартлуӈкве,тереть
сартнэке̄р,пила
сартувъяӈкве,мазнуть
сартумта̄луӈкве,помазать
сартумтаӈкве,чиркнуть
сас,оба
сат,садок
сатапаӈкве,смеркаться
сах,кишка
сахи,шуба
сахлуӈкве,топить жир
саюм,гнилой
саюӈкве,гнить
се̄лтумтахтуӈкве,броситься
се̄лтумтаӈкве,бросить
се̄п,карман
се̄ранка,спичка
се̄рмат,узда
се̄с,щегол
сехыльтаӈкве,скрипеть
сё̄льси,горностай
сё̄нх,бледный
сё̄нхатаӈкве,побледнеть
сё̄пкас,черкан
сё̄при,затылок
сё̄присов,шиворот
сё̄р,навоз
сё̄ра,пороша
сё̄ри,цветок
сё̄ссуп,полчаса
сёвал,чувал
сёвгуӈкве,свистеть
сёвнахнэ,сойка
сёл,богатство
сёлата̄лыгла̄луӈкве,оживляться
сёлатаӈкве,оживиться
сёлта̄л,вялый
сёлыӈ,богатый
сёлыӈы̄г е̄мтуӈкве,разбогатеть
сёмта̄л,слабый
сёхри,тонкий нож
сёхри-хо̄хри,стрекоза
сиватаӈкве,свистнуть
сивгалтахтуӈкве,засвистеть
сивыльтаӈкве,шуршать
сивыртаӈкве,шелестеть
сил,бубенчик
сипгуӈкве,пищать
сиркеп,щеколда
сирсюрнэ,малиновка
сирхалтахтуӈкве,заскрипеть
сирыхтан суй,скрип
сирыхтаӈкве,скрипеть
сисгуӈкве,визжать
сиськурек,курица
сиськурек пы̄грись,цыплёнок
сӯй,бор
сӯйпил,брусника
сӯкыр,щокур
сӯл,кора
сӯли,глина
сӯлипӯт,кувшин
сӯлт,скачка
сӯлтмыгтаӈкве,поскакать
сӯлттуӈкве,мчаться вскачь
сӯлтыл,галопом
сӯлылаӈкве,накалиться
сӯлыньтаӈкве,скакать
сӯлытаӈкве,накалить
сӯльгуӈкве,бренчать
со̄ви ла̄глуп,косолапый
со̄ви хӯтылтаӈкве,искривить
со̄виӣг ка̄ртуӈкве,искривиться
со̄выр,заяц
со̄выр пы̄грись,зайчонок
со̄й,смирный
со̄ймалтахтуӈкве,примиряться
со̄ймалтаӈкве,примирить
со̄ймуӈкве,примириться
со̄пак,сапог
со̄паслахтуӈкве,запастись
со̄пла,столб
со̄ргуй,глист
со̄рни,золото
со̄рниӈ,золотой
со̄руп,лось
со̄рыг,живот
со̄с,ручей
со̄салтахтуӈкве,хлынуть
со̄сантахтуӈкве,литься
со̄сантаӈкве,поливать
со̄суӈкве,лить
со̄схатуӈкве,налиться
со̄схатыгла̄луӈкве,наливаться
со̄сыгла̄луӈкве,наливать
со̄сыгпаӈкве,налить
со̄т,счастье
со̄тта̄л,несчастный
со̄тыр,тысяча
со̄тыӈ,счастливый
совмуӈкве,закружиться
совнюр,сырьё
совт,набирушка
совъя,замша
совъя ва̄й,летняя обувь
солвал,соль
солвалта̄л,несолёный
солвалтаӈкве,солить
солвалыӈ,солёный
солиӈ,покрытый инеем
солкови,рубль
соль,иней
сольгуӈкве,падать со звоном
солюӈкве,покрываться инеем
сома,прямо
соманьсиӈ,вертикально
сопам,могила
сорнятаӈкве,вздрогнуть
сорт,щука
сорум,смерть
сорумн патуӈкве,умереть
сорых,сырок
соссаӈ,местный
сосыг,чёрная смородина
сосыгйӣв,куст смородины
сохрип,сени
сохт са̄лы,олень-вожак
сӯп,рот
сӯпас,рот
сӯсам,медвежонок
суйтыгла̄луӈкве,раздаваться
суккари,сухарь
султум,искра
сульгуӈкве,сыпаться
сулья,бутылка
сумуӈкве,киснуть
сунсуӈкве,смотреть
сунсыглахтуӈкве,осматриваться
суп,рубашка
супъёлы,подол
супыг,осётр
супыг-манумтаӈкве,разорвать
супыг-патуӈкве,раздвоиться
супыг-са̄груӈкве,разрубить
супыг-саквалаӈкве,переломиться
супыг-сакватаӈкве,переломить
супыг-сылаяӈкве,рассечь
супыг-хӯтылтаӈкве,перегнуть
супыг-ю̄ныгтаӈкве,перебить
супыг-яктуӈкве,разрезать
сурмы̄г е̄мтуӈкве,отвердеть
сурты,годовалый телёнок оленя
сурумсӯнт,дымоход
та,тот
та̄гиньта̄луӈкве,наполняться
та̄гиньтаптуӈкве,наполнить
та̄гиньтаптыгла̄луӈкве,наполнять
та̄гиньтахтуӈкве,наполниться
та̄гиньтаӈкве,наполниться
та̄глыӈ,полный
та̄йт,рукав
та̄кмалта̄лыглаӈкве,укреплять
та̄кмалтахтуӈкве,укрепиться
та̄кмалтаӈкве,укрепить
та̄кмуӈкве,окрепнуть
та̄кмыгла̄луӈкве,крепнуть
та̄лкол,шалаш
та̄лсуп,полгода
та̄лттыгла̄луӈкве,погружать
та̄лтхатуӈкве,грузиться
та̄луӈкве,сесть
та̄лы̄г-тувы̄г,круглый год
та̄лыгла̄луӈкве,садиться
та̄лыӈ,хвойный
та̄ннё̄выль,мускул
та̄р,корень
та̄ра-паттуптаӈкве,разъяснить
та̄ра-посуӈкве,промокнуть
та̄ра-ёслуӈкве,промочить насквозь
та̄рвит,тяжесть
та̄ргуӈкве,дребезжать
та̄рка,ёрш
та̄рматуӈкве,отпустить
та̄ртахтуӈкве,спуститься
та̄с,готовый
та̄стлахтуӈкве,подготовиться
та̄стуӈкве,подготовить
та̄стхатуӈкве,готовиться
та̄х,плавник
та̄хт,гагара
та̄хтпил,голубика
та̄хтуӈкве,прясть
та̄юм,пища
та̄янтаӈкве,гореть
та̄ӈхв,мох
та̄ӈхвитаӈкве,обрастать мхом
таӈкыр,крот
таӈыртахтуӈкве,сжаться
таӈыртахтыгла̄луӈкве,сжиматься
тав,он
тавантаӈкве,утихать
тавантмаӈкве,стихнуть
тагапаӈкве,застрять
тагата̄луӈкве,вешать
тагатаӈкве,повесить
тагмаптыгла̄луӈкве,нацеплять
тагмахтуӈкве,повиснуть
тагсакв,хворост
тагта̄л,голый
тагыӈ,ветвистый
таима̄гыс,нареч.потому
такви,он сам
таквихурип,особый
таквс,осень
такламаӈкве,сваляться
тал,сажень
талква,низкий
талквамтаӈкве,понизить
тамле,такой
тарыг,сосна
тарыг йӣв,древесина
тахамтаӈкве,скатиться
тахмаяӈкве,захотеть
тахсупта̄лыглаӈкве,катать
тахсуптаӈкве,катить
тахсуӈкве,кататься
тахсын ма̄,каток
тахурип,этакий
тахуӈкве,исчезнуть
тахыглаӈкве,исчезать
те̄ӈыльтаӈкве,звенеть
тӯигла̄луӈкве,выпадать
тӯйт,снег
тӯйтнял,снежок
тӯйтпи,кладовая
тӯйтсам,снежинка
тӯйтуӈкве,спрятать
тӯйтхатуӈкве,спрятаться
тӯйтыгпахтуӈкве,спрятаться
тӯлуӈкве,внести
тӯлыгла̄луӈкве,вносить
тӯлыглап,представление
тӯлыглахтуӈкве,выступать с представлениями на медвежьих игрищах
то̄cлуӈкве,сушить
то̄cмыгтаӈкве,высохнуть
то̄cня̄ра,зимняя охотничья обувь
то̄ва матыр,кое-что
то̄вартта̄лыглаӈкве,запирать
то̄варттаӈкве,запереть
то̄влуптаӈкве,выполнить
то̄вмаса̄нтуӈкве,откусывать
то̄вмасаӈкве,прикусить
то̄вмуӈкве,укусить
то̄втлахтуӈкве,жевать
то̄втуӈкве,жевать
то̄вылтта̄лыглаӈкве,выполнять
то̄вылттаӈкве,выполнить
то̄выль,оленья шкура
то̄лматаӈкве,выстрелить
то̄нт,тогда
то̄пал,неряшливый
то̄ратаптуӈкве,тряхнуть
то̄ратаӈкве,вздрогнуть
то̄ргалта̄луӈкве,потрясти
то̄ргалтаптуӈкве,потрясти
то̄ргалтаӈкве,трясти
то̄рев,медведь
то̄рум-ма̄,вселенная
то̄с,камус
то̄тап,ящик
то̄хни,ворот
то̄хтон,утка-широконоска
тоӈх,копыто
товантаӈкве,грести веслом
товласа̄луӈкве,гребнуть веслом
товлыӈ,крылатый
товлыӈха̄п,самолёт
товт,лыжа
товуӈкве,грести
товыл,крыло
толмась,переводчик
толмасьлаӈкве,переводить
толпа,распутица
толтыглахтуӈкве,отогреваться
толуӈкве,таять
толыг,невод
толыг па̄хатуӈкве,закидывать невод
топ,только
торамтаӈкве,успокоить
торвиньт,храп
торвиньтаӈкве,храпеть
торгамтаптуӈкве,объяснить
торгамтаптыгла̄луӈкве,объяснять
торгамтапуӈкве,сообразить
торылтаӈкве,выронить
тот,там
тотхатуӈкве,мчаться
тотыглахтуӈкве,носиться
тотыгпаӈкве,принести
тотылтаӈкве,гнать
тох,так
тохруӈкве,набивать
тоххыртаӈкве,хрюкать
тохыртаӈкве,фыркать
тохырхатуӈкве,набиться
тӯп,весло
тӯр,озеро
тӯрхул,карась
тӯсьтуӈкве,поставить
тӯсьтыгпаӈкве,поставить
тув-а̄ӈквата̄луӈкве,заглянуть
тув-ва̄руӈкве,приделать
тув-во̄вуӈкве,вызвать
тув-во̄выглаӈкве,вызывать
тув-ка̄ньсюӈкве,ссохнуться
тув-ма̄гумтаӈкве,засунуть
тув-нё̄тумтаӈкве,добавить
тув-пасапаӈкве,проникнуть
тув-пе̄руӈкве,прикрутить
тув-по̄йтуӈкве,перестать
тув-пувтуӈкве,втыкать
тув-суруӈкве,ссохнуться
тув-сё̄питаӈкве,приделать
тув-та̄кмуӈкве,закрепиться
тув-тагматаӈкве,застрять
тув-тахамтаӈкве,скатиться
тув-то̄суӈкве,пересохнуть
тув-тӯйтуӈкве,запрятать
тув-тӯйтхатуӈкве,запрятаться
тув-хансуӈкве,вписать
тув-ханувъяптуӈкве,приклеить
тув-ханувъяӈкве,прилипнуть
тув-ю̄нтуӈкве,пришить
тув-ю̄ныгтаӈкве,вбить
тув-ё̄хтуӈкве,закрутить
тувмус,до тех пор
туймыгтаӈкве,пойти
туйс,туес
туйт,сани
туйхатуӈкве,толкаться
тул,облако
тулсам,облачко
тулта̄л,безоблачный
тулыт,тайный
тулыт ва̄рмаль,тайна
тулыт ла̄тыӈ,секрет
тулых,воротник
тулё̄выл,палец
туман,замок
туман не̄лм,ключ
тумсюӈкве,плескаться
тумсялтаӈкве,плескать
тумсясаптуӈкве,плеснуть
турап,ненастье
турастаӈкве,тесать
турманлаӈкве,темнеть
турсуй,голос
турхари,нёбо
тучаӈ,мешочек со швейными принадлежностями
туюӈкве,толкать
тыг,глаг.прист.со значением сюда
тыг-ва̄нттуӈкве,привести
тыг-ва̄ӈкуӈкве,приползти
тыг-во̄вуӈкве,вызвать
тыг-ке̄туӈкве,прислать
тыг-лаквтуӈкве,придвинуть
тыг-тахамтаӈкве,скатиться
тыг-тотуӈкве,принести
тыг-тыламлаӈкве,прилететь
тыг-харттуӈкве,притащить
тыгле,сюда
тыгле-тувле,туда-сюда
тыгыл,нареч.отсюда
тыламла̄луӈкве,лететь
тыламла̄нтуӈкве,порхать
тымус,поныне
тынала̄лыглаӈкве,продавать
тыналахтуӈкве,торговать
тыналаӈкве,продать
тынта̄л,дешёвый
тынта̄лысь,дёшево
тынтлуӈкве,мять кожу
тынтлыл,выделка шкуры
тыныл йӣв,жердь
тынылтаӈкве,прижимать
тыньсяӈ,аркан
тып кӯтюв,серёжка
тыпгалаӈкве,блуждать
тыпылматуӈкве,потерять
тыпылтаӈкве,терять
тысавит,нареч.столько
уйгалаӈкве,плавать
уйлыгтаӈкве,подплыть
уймыгтаӈкве,поплыть
уля,огонь
умгасаӈкве,промычать
умгуӈкве,мычать
унсупта̄лыглаӈкве,переправлять
унсуптаӈкве,переправить
унсуӈкве,переправиться
унсыгла̄луӈкве,переправляться
урак,покой
уракта̄л,нетерпеливый
уральтан,проверочный
уркыӈ,лживый
урмыгтахтуӈкве,насторожиться
уртуӈкве,делить
уртхатуӈкве,делиться
урты,часть
уртыгла̄луӈкве,распределять
уруӈкве,худеть
усь,только что
уюӈкве,плыть
уюв,утка-свиязь
ӯй,зверь
ӯй ка̄т,передняя лапа зверя
ӯй ла̄гыл,задняя лапа зверя
ӯйрись,птичка
ӯйрись кол,клетка
ӯлам,одежда
ӯлмыӈ,сонный
ӯлтыхум,свидетель
ӯлум,сон
ӯлысь,челюсть
ӯльпа,кедр
ӯльпаси,кедровник
ӯмпи,ковш
ӯмуӈкве,черпать
ӯн,столб рыболовного запора
ӯнлахо̄луӈкве,посиживать
ӯнлыглаӈкве,сидеть
ӯнс,нельма
ӯнтмит,просека
ӯнтыгла̄луӈкве,садиться
ӯнтыгпа̄лыглаӈкве,присаживаться
ӯнтыгпаӈкве,присесть
ӯньсяс,сало
ӯргалаӈкве,охранять
ӯринэ̄ква,ворона
ӯруӈкве,ждать
ӯс,город
ӯсил,усталость
ӯсма,мерёжа
ӯсморах,малина
ӯстуӈкве,потерять
ӯстыгла̄луӈкве,терять
ӯсувла̄луӈкве,шагать
ӯсувлаӈкве,шагнуть
ӯсуӈкве,погибнуть
ӯсхулы,улица
ӯсыгта̄лыглаӈкве,замахиваться
ӯсыгтаӈкве,замахнуться
ӯсыл,шаг
ӯсыньтаӈкве,зевать
ӯсьлахтаӈкве,отдохнуть
ӯсьлахтуӈкве,отдохнуть
ӯсьлахтыгла̄луӈкве,отдыхать
ӯсьта̄л,неутомимый
ӯсюӈкве,устать
ӯталтахтуӈкве,залаять
ӯтувъяӈкве,залаять
ӯтуӈкве,лаять
ха̄йт,бег
ха̄йтала̄луӈкве,сватать
ха̄йталаӈкве,сосватать
ха̄йталтаӈкве,побежать
ха̄йтантаӈкве,бежать
ха̄йтахум,сват
ха̄йтмыгтаӈкве,побежать
ха̄йтнут,волк
ха̄йтталаӈкве,сбегать
ха̄йтумлаӈкве,начать бежать
ха̄йтупа,мост
ха̄йтуӈкве,бежать
ха̄йтыгтаӈкве,бегать
ха̄йтыл,нареч.бегом
ха̄ль,берёза
ха̄львит,сок
ха̄льйив,древесина
ха̄льсав,серёжка
ха̄п,лодка
ха̄пка,осина
ха̄р,бык-олень
ха̄рмис,бык
ха̄рсил,треск-хруст
ха̄рсюӈкве,трещать
ха̄рсялтаӈкве,треснуть чем-либо
ха̄ссы,плесень
ха̄ссытаӈкве,покрыться плесенью
ха̄хмил,подъём
ха̄хмыгтаӈкве,полезть
ха̄хтуӈкве,заразить
ха̄хтхатуӈкве,заразиться
ха̄ӈлаӈ,порожистый
ха̄ӈхай,осока
ха̄ӈхылтап,лестница
ха̄ӈылпатта,пазуха
халмалтахтуӈкве,поссориться
халмалтаӈкве,поссорить
халталаӈкве,раскалывать
халыта̄луӈкве,раскалывать
халытаӈкве,расколоть
хальп,верхний слой берёсты
халэв,чайка
ханисьта̄лыглаӈкве,изучать
ханисьтанут,предмет изучения
ханисьтахтын а̄гирись,ученица
ханисьтахтын ва̄рмаль,учёба
ханисьтахтын пы̄грись,ученик
хансымут,запись
хант,сера
ханты,ханты
ханьсювла̄лыглаӈкве,привыкать
хара,редкий
харама̄,поле
хартхатуӈкве,тянуться
харумтаӈкве,погасить
харӈаиӈ,ржавый
харӈай,ржавчина
харӈайтаӈкве,ржаветь
хас,тальник
хасап,полог
хаслы,мох
хаслыӈ,мшистый
хаснут,написанное
хаснэ̄йив,карандаш
хассумта̄нтуӈкве,подёргивать
хассумтахтыглаӈкве,подёргиваться
хассылтаӈкве,выписать
хастул,почерк
хасыл,верёвка
хасьгалаӈкве,узнавать
хасьта̄л,незнакомый
хатань,татарин
хиласаӈкве,копнуть
хисатаӈкве,поскользнуться
хисьра,изогнутый
хӯл,рыба
хӯлвой,рыбий жир
хӯлигла̄луӈкве,оставлять
хӯлиглаӈкве,оставлять временно
хӯлмыгтаӈкве,заночевать
хӯлп сам,ячея
хӯлпъяӈкве,сетковать
хӯлтэп,выдра
хӯлыглаӈкве,слышать
хӯлюӈкве,оставить
хӯнсхатуӈкве,обжечь
хӯнт,котомка
хӯнт хӯрыг,котомка
хӯнталахтуӈкве,прислушаться
хӯнталахтыглаӈкве,прислушиваться
хӯнтамлаӈкве,услышать
хӯнтлатта̄л,непослушный
хӯнтмуӈкве,надеть котомку
хӯнуӈкве,вычерпывать из котла
хо̄вт,ёлка
хо̄втаси,ельник
хо̄втыӈ,еловый
хо̄йхатуӈкве,стоить
хо̄лам ӯй,падаль
хо̄н,царь
хо̄нт,войско
хо̄нтхатуӈкве,встретиться
хо̄нтхатыгла̄луӈкве,встречаться
хо̄нтыглахтыл,встреча
хо̄нтым ут,находка
хо̄ны,навзничь
хо̄ны-пинуӈкве,запрокинуть
хо̄ныпа̄лн,вправо
хо̄ныпа̄лт,справа
хо̄ныпал,правый
хо̄псы,лёгкое
хо̄пт,бык-олень
хо̄пт мис,вол
хо̄птырка,самка-олень
хо̄рахси,разбойник
хо̄рахтйив,ольха
хо̄ртхатуӈкве,рел.очищаться
хо̄сах,казак
хо̄свой,муравей
хо̄свой кол,муравейник
хо̄т,шесть
хо̄тал ка̄т,луч
хо̄тал не̄глын ма̄,восток
хо̄тал ӯнтнэ ма̄,запад
хо̄тала̄луӈкве,сиять
хо̄талъя̄т,полдень
хо̄талыӈ,солнечный
хо̄тке̄пыл,наконец
хо̄тпан,шестьдесят
хо̄тпаныт,шестидесятый
хо̄тса̄т,шестьсот
хо̄тса̄тыт,шестисотый
хо̄тхуйплов,шестнадцать
хо̄тхуйпловит,шестнадцатый
хо̄тылаӈкве,рассветать
хо̄тылтаӈкве,ждать рассвета
хо̄хни,пола
хо̄хра,дятел
хо̄хтум,голодный
хо̄хыртахтын,едкий
хо̄ӈха,кто
хол,заморозки
холатаптуӈкве,втолкнуть
холпал,раннее утро
холуӈкве,кончиться
холыт,завтрашний
холытан,завтра
хоми,ничком
хоми-рагатаӈкве,упасть
хоми-хӯтуӈкве,склониться
хоми-хӯтылтаӈкве,наклонить
хоми-ё̄ӈхыгпаӈкве,опрокинуться
хомлах,жук
хомыл,чудак
хоньпыртаӈкве,подмигнуть
хонюмта̄луӈкве,зажмурить
хопгуӈкве,токовать
хоплата̄луӈкве,стукнуться
хопсат,серый
хопылматуӈкве,постучать
хопылтан суй,стук
хопылтаӈкве,стучать
хопын,рыбий пузырь
хорамтаӈкве,украшать
хораяхтуӈкве,полыхнуть
хоргуӈкве,пылать
хори,низина
хорт,лай
хорталтахтуӈкве,залаять
хортуӈкве,лаять
хортылтаӈкве,заставить лаять
хоса ла̄глуп,длинноногий
хоса пальпа,длинноухий
хоса̄н,нареч.вдаль
хоса̄ныл,нареч.издалека
хосатта̄гыл,издавна
хосгалтахтуӈкве,закачаться
хосгалтаӈкве,закачать
хосгантаӈкве,покачать
хосгасьлаӈкве,покачивать
хосгуӈкве,махать
хосгыгла̄луӈкве,помахивать
хоссуп,метла
хоссыгхатуӈкве,шататься
хосувлахтуӈкве,качнуться
хосувлаӈкве,махнуть
хот-а̄хвсалахтуӈкве,раздеться
хот-лоньсиглаӈкве,остыть
хот-лоньхатаӈкве,отвалиться
хот-лыӈкве,отбросить
хот-маныгтаӈкве,ощипать
хот-нирумтаӈкве,выхватить
хот-нуйгалаӈкве,освежевать
хот-ня̄влуӈкве,отогнать
хот-па̄йтуӈкве,выварить
хот-пе̄стуӈкве,отвязать
хот-по̄йтуӈкве,перестать
хот-рохтуӈкве,испугаться
хот-са̄грапаӈкве,отрубить
хот-сартуӈкве,отпилить
хот-та̄ртаӈкве,отпустить
хот-то̄вмуӈкве,откусить
хот-туясаӈкве,оттолкнуть
хот-хосувлаӈкве,смахнуть
хот-хӯтылтаӈкве,отогнуть
хот-яктуӈкве,отрезать
хот-ё̄ӈхыгпаӈкве,отвернуться
хоталь,куда
хоталь о̄лнэ,повсюду существующий
хотамус,пока
хотаӈ,лебедь
хотталь,нареч.куда-нибудь
хотты по̄рат,нареч.когда-то
хоттымат,какой-нибудь
хоты,который
хотыл,откуда
хотьют,кто
хӯрмит,третий
хӯрмит хо̄тал,нареч.позавчера
хӯрум,три
хӯрум са̄мпа,треугольный
хӯрумса̄т,триста
хӯрумса̄тыт,трёхсотый
хӯрумхуйплов,тринадцать
хӯрумхуйпловит,тринадцатый
хӯрыг,мешок
хӯсуӈкве,жечь
хӯсхатнэ понал,крапива
хӯсхатуӈкве,жечься
хӯтувъяптуӈкве,наклонить
хӯтувъяӈкве,согнуться
хӯтуӈкве,согнуться
хӯтылтаӈкве,согнуть
хулах,ворон
э̄ӈаман суй,ржание
э̄ӈамаӈкве,ржать
э̄ӈк,племянница
э̄ква,женщина
э̄л-ква̄лапаӈкве,отскочить
э̄л-ква̄луӈкве,отойти
э̄л-лаквуӈкве,отодвинуться
э̄л-ня̄влуӈкве,прогнать
э̄л-патуӈкве,обогнать
э̄л-сулыньтаӈкве,ускакать
э̄л-товуӈкве,отгрести
э̄л-туясаӈкве,оттолкнуть от себя
э̄л-тыламлаӈкве,улететь
э̄л-тӯйтуӈкве,спрятать
э̄л-ю̄ныгтаӈкве,отбить
э̄лаль,вперёд
э̄лаль о̄лнэ,будущий
э̄лаль са̄вмын ва̄рмаль,развитие
э̄лаль-лю̄люӈкве,выступить
э̄лаль-нёвумта̄лыглаӈкве,трогаться
э̄лаль-нёвумтаӈкве,тронуться
э̄лаль-са̄вмалтаӈкве,развивать
э̄лаль-са̄вмантаӈкве,развиваться
э̄лаль-тотантаӈкве,продолжать
э̄лаль-тотуӈкве,продолжить
э̄лаль-хартуӈкве,протянуть
э̄лаль-хартыглалуӈкве,протягивать
э̄лаль-ёмантаӈкве,отойти
э̄лмхо̄лас,человек
э̄лмхо̄ласта̄л,безлюдный
э̄лы,передний
э̄лы-па̄л,посл.перед
э̄лыл,издалека
э̄люм,клей
э̄нтапта̄луӈкве,подпоясывать
э̄нтаптахтуӈкве,подпоясаться
э̄нтаптаӈкве,подпоясать
э̄нтапъёр,поясница
э̄нтуӈкве,опоясать
э̄нтхатуӈкве,опоясаться
э̄ргалтахтуӈкве,запеть
э̄ргасьлаӈкве,напевать
э̄ргуӈкве,петь
э̄рмыглаӈкве,понадобиться
э̄рнэ сирыл,правильно
э̄рупсаӈ,ласковый
э̄руптахтуӈкве,ласкаться
э̄рыглатуӈкве,пропеть
э̄рыгсов,мотив
э̄сгил,похвала
э̄сгуӈкве,хвалить
э̄сгыгла̄луӈкве,расхваливать
э̄ссамаптуӈкве,смутить
э̄ссамтатта̄л,бессовестный
э̄сыгхатнэ,хвастливый
э̄сыгхатуӈкве,хвастаться
э̄т,ночь
э̄таӈ-хо̄тал,сутки
э̄твит,роса
э̄тгуӈкве,крякать
э̄тимаӈкве,темнеть
э̄типа̄ла,вечер
э̄ткотиль,полночь
юв-аюӈкве,выпить
юв-ма̄гумтаӈкве,всунуть
юв-пувумтаӈкве,сдержать
юв-сялтуӈкве,войти
юв-та̄япаӈкве,съесть
юв-то̄втлаӈкве,сжевать
юв-тэ̄ӈкве,съесть
юв-тӯлуӈкве,внести
юв-ха̄йтуӈкве,бежать домой
юв-ӯрмыгтахтуӈкве,шарахнуться
ювле-а̄ӈкватаӈкве,оглянуться
ювле-воигла̄луӈкве,отбирать
ювле-ля̄галаӈкве,ответить
ювле-минуӈкве,отступить
ювле-потыртаӈкве,отвечать
ювле-ро̄ӈхувлаӈкве,крикнуть
ювле-ялуӈкве,сходить обратно
ювле-ё̄хтуӈкве,возвратить
юи,задний
юи о̄влт,наконец
юил,нареч.вслед
юил-по̄суӈкве,подгонять
юил-сунсуӈкве,проследить
юил-сунсыглаӈкве,следить
юил-тотыглаӈкве,гнаться
юил-харттахтуӈкве,плестись
ю̄нсхатн туля,напёрсток
ю̄нсхатуӈкве,заниматься шитьём
ю̄нтмил,шов
ю̄нтуп,игла
ю̄нтуӈкве,шить
ю̄ныгтахтуӈкве,удариться
ю̄ныгтаӈкве,ударить
юн,дома
юнга,пятка
юнгаса̄луӈкве,топнуть
юнсуӈкве,дремать
юнтсалаӈкве,починять
ю̄р,миф.тритон
юрсил,дружба
юрсилыӈ,дружный
юрсьхатуӈкве,объединиться
юрсюӈкве,объединить
юрт а̄гирись,подруга
юрт пы̄грись,друг
юртыӈ ня̄врамы̄г,близнецы
юртыӈы̄сь,дружно
ю̄свой,орёл
ю̄свой пы̄грись,орлёнок
ю̄стам олн,заработная плата
ю̄сыгхатуӈкве,жечься
я̄,река
я̄ӈкломт,льдина
я̄ӈксоль,иней
я̄ӈкы̄г на̄ӈкхатуӈкве,белеть
я̄ӈкылма,болото
я̄ӈкылпо̄люӈкве,обледенеть
я̄ӈкыӈ,ледяной
яг,отец
яга̄ги,сестра
яглаӈ,отчим
ягпыг,брат
я̄кар,якорь
яктуӈкве,резать
яктхатуӈкве,порезаться
яктыл,разрез
якытлаӈкве,резать
яланта̄луӈкве,сходить
ялантаӈкве,ходить
ялпыӈ хо̄тал,праздник
ялпыӈкол,церковь
ялпыӈӯй,змея
ялтуптаӈкве,оживить
ялыглаӈкве,топтать
я̄мсык,ямщик
я̄нас,врозь
я̄нас о̄луӈкве,жить отдельно
я̄насы̄г,отдельно
я̄нтуӈкве,сгуститься
я̄нты вит,вода
я̄нтылтаӈкве,дать возможность сгуститься
янгуй,лось
янгы̄г ва̄руӈкве,увеличить
янгысь,особенно
янмалтан ва̄рмаль,воспитание
яныг вит,половодье
яныг витуп,полноводный
яныг о̄йка,старик
яныг э̄ква,старуха
яныгма̄нтуӈкве,подрастать
яныгмаӈкве,расти
яныгса̄т,сто
яныгса̄тыт,сотый
янытлан ва̄рмаль,почёт
я̄рмак,шёлк
я̄рмакхарпа,шелковистый
я̄смилыӈ,полосатый
ятри,косач
я̄хул,чебак
акв хум,один мужчина
атыр то̄рум,ясное небо
а̄сюм иӈыт ёхты,отец ещё не приехал
па̄кв паттыл,сбивание кедровых шишек
а̄ӈквал,столб
а̄ӈквал,пень
а̄ги,дочь
а̄ги,девушка
а̄гирись,девочка
а̄гирись,дочка
ала,крыша
ала,крышка
алуӈкве,убить
алуӈкве,добыть
алы,верхний
алы,южный
алыглаӈкве,убить
алыглаӈкве,добыть
алысь,оружие
алысь,орудия промысла
алысь,добыча
а̄рталаӈкве,измерить
а̄рталаӈкве,проверить
а̄сталтаӈкве,закончить
а̄сталтаӈкве,приготовить
асирма,холодно
ат,не
ат,пять
ат,запах
атыӈ,вкусный
атыӈ,сладкий
ва̄туӈкве,собирать
ва̄туӈкве,есть
ва̄ӈкве,знать
ва̄ӈкве,видеть
ве̄ськат ва̄рмаль,правда
ве̄ськат ва̄рмаль,честный
виӈкве,взять
виӈкве,получить
витхӯрыг,волдырь
витхӯрыг,огурец
витыӈ,мокрый
витыӈ,сырость
во̄й,жир
во̄й,масло
во̄й,сало
во̄ртуӈкве,подпереть
во̄ртуӈкве,насторожить
во̄ӈха,берлога
во̄ӈха,нора
во̄ӈха,яма
вориӈ,упрямый
вориӈ,настойчивый
восьрам,желчь
восьрам,жёлтый
вуйхатаӈкве,браться
вуйхатаӈкве,взяться
е̄р,край
е̄р,грань
е̄р,рубеж
е̄р,граница
е̄ри,кривой
ёл-ӯнтуӈкве,сесть
ёл-ӯнтуӈкве,садиться
ёлысуп,штаны
ёлысуп,юбка
ёмас,добро
йильпи,новый
йильпи,свежий
ка̄рта,ограда
ка̄рта,двор
каӈк,старший брат
каӈк,дядя
консуӈкве,царапать
консуӈкве,чесать
консуӈкве,грести
котараӈкве жечь котиль,середина
котараӈкве жечь котиль,средний
ла̄тыӈ,слово
ла̄тыӈ,речь
ла̄тыӈ,молва
ла̄тыӈ,весть
ле̄ӈктуӈкве,вбить
ле̄ӈктуӈкве,повторить
лё̄ӈх,дорога
лё̄ӈх,путь
лё̄ӈх,след
ло̄мт,часть
ло̄мт,кусок
ло̄х,внутренний угол
ло̄ӈхаль,на север
ло̄ӈхаль,вниз по реке
ловиньтан ва̄рмаль,чтение
ловиньтан ва̄рмаль,счет
ловиньтаӈкве,читать
ловиньтаӈкве,считать
лув,кость
лув,лошадь
лылы,дыхание
лылы,жизнь
лылыӈ,живой
лылыӈ,свежий
лю̄лит,высота
лю̄лит,рост
ма̄,земля
ма̄,место
ма̄,страна
ма̄хум,народ
ма̄хум,люди
мастуӈкве,одеть
мастуӈкве,обуть
масуӈкве,одевать
масуӈкве,обувать
масхатуӈкве,одеться
масхатуӈкве,обуться
масыгла̄луӈкве,одевать
масыгла̄луӈкве,обувать
минмыгтаӈкве,пойти
минмыгтаӈкве,поехать
минмыгтаӈкве,полететь
минуӈкве,идти
минуӈкве,ехать
минуӈкве,лететь
миныгла̄луӈкве,расходиться
миныгла̄луӈкве,разъезжаться
миныгла̄луӈкве,разлетаться
мӯйлупса,подарок
мӯйлупса,награда
мӯйлуптаӈкве,подарить
мӯйлуптаӈкве,наградить
мо̄т,другой
мо̄т,чужой
мӯсхал,аккуратный
мӯсхал,тщательный
мӯсхалы̄г,аккуратно
мӯсхалы̄г,тщательно
нак,сустав
нак,случай
нам,имя
нам,название
нё̄рыглаӈкве,литься
нё̄рыглаӈкве,тянуться
нё̄туӈкве,помочь
нё̄туӈкве,прибавить
нёвумтаптуӈкве,двинуть
нёвумтаптуӈкве,шевельнуть
нёвумтаптыгла̄луӈкве,двигать
нёвумтаптыгла̄луӈкве,шевелить
нёвумтаӈкве,шевельнуться
но̄х-лапуӈкве,взойти
но̄х-лапуӈкве,взлететь
номт,ум
номт,мысль
номт,память
нэ̄тмил,узел
нэ̄тмил,связка
няӈра,суровый
о̄луӈкве,жить
о̄луӈкве,быть
о̄луӈкве,находиться
о̄ниг,мачеха
о̄ниг,сноха
ос,поверхность
ос,слой
осыӈ,глубокий
осыӈ,густой
осься,тонкий
осься,узкий
па̄йтуӈкве,кипятить
па̄йтуӈкве,варить
па̄йтым,кипячёный
па̄йтым,варёный
па̄лыг-патуӈкве,раскрыться
па̄лыг-патуӈкве,вскрыться
палыт,длина
палыт,высота
паргалтаӈкве,стряхивать
паргалтаӈкве,сыпать
патта,основание
патта,дно
патуӈкве,стать
патуӈкве,падать
пе̄лп,острый
пе̄лп,быстрый
пе̄с,старый
пе̄с,ветхий
пинуӈкве,положить
пинуӈкве,налить
пис,ряд
пис,слой
по̄илттаӈкве,остановить
по̄илттаӈкве,утешить
повартта̄лыглаӈкве,переворачивать
повартта̄лыглаӈкве,катать
понал,конопля
понал,крапива
порс,сор
порс,пыль
порсыӈ,пыльный
посуӈкве,стирать
посуӈкве,доить
потыр,речь
потыр,рассказ
потыр,беседа
пӯри,пир
пӯри,свадьба
ра̄туӈкве,бить
ра̄туӈкве,стучать
ра̄туӈкве,колотить
ра̄тхатуӈкве,стучаться
ра̄тхатуӈкве,биться
ра̄тыглаӈкве,стучать
ра̄тыглаӈкве,бить
равтхатуӈкве,плескаться
равтхатуӈкве,брызгаться
ре̄пыгтаӈкве,набросить аркан
ре̄пыгтаӈкве,закинуть невод
ро̄вуӈкве,мочь
ро̄вуӈкве,подходить
са̄груӈкве,рубить
са̄груӈкве,косить
са̄грыгла̄луӈкве,рубить
са̄грыгла̄луӈкве,косить
са̄йтта̄л патуӈкве,онеметь
са̄йтта̄л патуӈкве,потерять сознание
са̄ртын,сперва
са̄ртын,спереди
са̄ртын,рано
са̄ӈхвасаӈкве,пнуть
са̄ӈхвасаӈкве,лягнуть
са̄ӈхвуӈкве,пинать
са̄ӈхвуӈкве,лягать
сагуӈкве,плести
сагуӈкве,вязать
саквала̄лыглаӈкве,ломаться
саквала̄лыглаӈкве,биться
саквалаӈкве,сломаться
саквалаӈкве,разбиться
саквата̄лыглаӈкве,ломать
саквата̄лыглаӈкве,бить
сакватаӈкве,сломать
сакватаӈкве,разбить
сам,глаз
сам,семя
сартуӈкве,мазать
сартуӈкве,пилить
сартхатуӈкве,мазаться
сартхатуӈкве,тереться
састла̄луӈкве,выравнивать
састла̄луӈкве,выпрямлять
састлаӈкве,выровнять
састлаӈкве,выпрямить
састум,гладкий
састум,ровный
састумта̄лыглаӈкве,выравнивать
састумта̄лыглаӈкве,расправлять
састумтаӈкве,выровнять
састумтаӈкве,расправить
сасыг,дядя
сасыг,двоюродный брат
сё̄пита̄лыглаӈкве,приготовлять
сё̄пита̄лыглаӈкве,снаряжать
сё̄пита̄лыглаӈкве,починять
сё̄питахтуӈкве,приготовиться
сё̄питахтуӈкве,снарядиться
сё̄питахтуӈкве,собраться
сё̄питахтыгла̄луӈкве,приготовляться
сё̄питахтыгла̄луӈкве,снаряжаться
сё̄питахтыгла̄луӈкве,собираться
сё̄рита̄лыгла̄луӈкве,распускаться
сё̄рита̄лыгла̄луӈкве,расцветать
сӯнт,отверстие
сӯнт,порог
сӯнт,устье
сӯнт,дуло
со̄пасла̄лыглаӈкве,запасать
со̄пасла̄лыглаӈкве,заготовлять
со̄паслаӈкве,запасти
со̄паслаӈкве,заготовить
со̄хтантаӈкве,наматывать
со̄хтантаӈкве,свёртывать
со̄хтуӈкве,намотать
со̄хтуӈкве,свернуть
сов,кожа
сов,шкура
сори,седловина
сори,лесная перемычка
сохт,прямой
сохт,стройный
сохтыл хӯтылтаӈкве,разогнуть
сохтыл хӯтылтаӈкве,выпрямить
сӯпта̄л-не̄лмта̄л,молчаливый
сӯпта̄л-не̄лмта̄л,молча
сӯпта̄л-не̄лмта̄л,немой
суиӈ,славный
суй,звук
суй,шум
суймалтаӈкве,сообщить
суймалтаӈкве,уведомить
суймалтаӈкве,донести
суйтуӈкве,звучать
суйтуӈкве,слышаться
сун,нарта
сун,сани
та̄ври,порошок
та̄ври,опилки
та̄ври,крошки
та̄к,крепкий
та̄к,бодрый
та̄ра,сразу
та̄ра,насквозь
та̄рамтаӈкве,развернуть
та̄рамтаӈкве,распустить
та̄рамтаӈкве,расстелить
та̄рата̄лыглаӈкве,пускать
та̄рата̄лыглаӈкве,позволять
та̄рата̄лыглаӈкве,разрешать
та̄ратаӈкве,пустить
та̄ратаӈкве,позволить
та̄ратаӈкве,разрешить
та̄рвитыӈ,тяжёлый
та̄рвитыӈ,трудный
та̄ртаӈкве,пустить
та̄ртаӈкве,разрешить
та̄тламта̄лыглаӈкве,разгружать
та̄тламта̄лыглаӈкве,опустошать
та̄тламтаӈкве,разгрузить
та̄тламтаӈкве,опустошить
таӈыртаӈкве,сжимать
таӈыртаӈкве,давить
таӈыртаӈкве,притеснять
таглуӈкве,зацепляться
таглуӈкве,заикаться
таквсы,осенний
таквсы,осенью
тактапа̄луӈкве,протягивать
тактапа̄луӈкве,подавать
тактапаӈкве,протянуть
тактапаӈкве,подать
тактуӈкве,протянуть
тактуӈкве,подать
тактыгла̄луӈкве,протягивать
тактыгла̄луӈкве,подавать
тальхыӈ,пронзительный
талях,вершина
талях,остриё
таса̄вит,столько
таса̄вит,множество
тӯлмах,росомаха
тӯлмах,вор
то̄cувъяӈкве,замереть
то̄cуӈкве,сохнуть
то̄cуӈкве,мелеть
то̄влуӈкве,исполниться
то̄влуӈкве,закончиться
то̄р,ткань
то̄р,платок
то̄рум,небо
то̄рум,эпоха
то̄рум,погода
то̄сам,сухой
то̄сам,мелкий
толтуӈкве,растопить
толтуӈкве,отогреть
толтыглаӈкве,растапливать
толтыглаӈкве,отогревать
тотмыгтаӈкве,понести
тотмыгтаӈкве,повезти
тотмыгтаӈкве,повести
тотуӈкве,нести
тотуӈкве,везти
тотуӈкве,вести
тотыгла̄луӈкве,носить
тотыгла̄луӈкве,возить
тотыгла̄луӈкве,водить
тув,лето
тув,туда
тувыл,оттуда
тувыл,потом
тулыӈ,облачный
тулыӈ,пасмурный
тур,горло
тур,труба
турман,темнота
турман,тёмный
тус,усы
тус,борода
тыпйив,тальник
тыпйив,ива
тыпйив,верба
тыстувъяӈкве,вздохнуть
тыстувъяӈкве,загоревать
уми,дупло
уми,гнездо
уп,тесть
уп,деверь
ӯвси,старшая сестра
ӯвси,тётя
ӯй-хул,зверь
ӯй-хул,животное
ӯнлуӈкве,сидеть
ӯнлуӈкве,стоять
ӯнттуӈкве,сажать
ӯнттуӈкве,ставить
ӯнттуӈкве,строить
ӯнттуӈкве,сеять
ӯнтуӈкве,сесть
ӯнтуӈкве,свернуться
хансаӈ,пёстрый
хансаӈ,узорчатый
хансуӈкве,орнаментировать
хансуӈкве,писать
хануӈкве,висеть
хануӈкве,прилипать
ханьсигла̄луӈкве,отгадывать
ханьсигла̄луӈкве,узнавать
ханьсювлаӈкве,привыкнуть
ханьсювлаӈкве,научиться
ханьсюӈкве,отгадать
ханьсюӈкве,узнать
хартуӈкве,тянуть
хартуӈкве,тащить
хартыглаӈкве,таскать
хартыглаӈкве,скрести
харыгла̄нтуӈкве,меркнуть
харыгла̄нтуӈкве,гаснуть
хасуӈкве,оснащать сеть
хасуӈкве,перевязывать груз
хӯлтуӈкве,показать
хӯлтуӈкве,подсказать
хӯлтыглаӈкве,показывать
хӯлтыглаӈкве,подсказывать
хӯлтыглаӈкве,выдавать кого-либо
хӯлуӈкве,ночевать
хӯлуӈкве,слышать
хӯлхатуӈкве,слышаться
хӯлхатуӈкве,чувствовать
хӯльм,пепел
хӯльм,зола
хо̄нтуӈкве,найти
хо̄нтуӈкве,встретить
хо̄нтыглаӈкве,находить
хо̄нтыглаӈкве,встречать
хо̄ртхан,коршун
хо̄ртхан,ястреб
хо̄тал,день
хо̄тал,солнце
хольгуӈкве,плескаться
хольгуӈкве,Пылать
хорам,украшение
хорам,красота
хорамлахтуӈкве,красоваться
хорамлахтуӈкве,нарядиться
хорамлаӈкве,украсить
хорамлаӈкве,нарядить
хорамыӈ,красивый
хорамыӈ,нарядный
хоса,длинный
хоса,далёкий
хоса,долго
хоса̄т,вдалеке
хоса̄т,давно
хотмус,как-нибудь
хотмус,как-то
хохса,трубка
хохса,папироса
хӯратахтуӈкве,бриться
хӯратахтуӈкве,стричься
хӯратаӈкве,брить
хӯратаӈкве,стричь
хӯтала̄луӈкве,гнуться
хӯтала̄луӈкве,наклониться
хӯтсатта̄л,несгибаемый
хӯтсатта̄л,неуклюжий
хӯтылтахтуӈкве,согнуться
хӯтылтахтуӈкве,наклониться
хуиглаӈкве,лежать
хуиглаӈкве,спать
хуйтуӈкве,манить
хуйтуӈкве,натравить
хуйтыгла̄луӈкве,заманивать
хуйтыгла̄луӈкве,натравливать
э̄руӈкве,требоваться
э̄руӈкве,быть нужным
э̄руӈкве,нравиться
э̄ссамтаӈкве,"стыдить, смущать"
э̄сь,младшая сестра
э̄сь,двоюродная сестра
э̄ти,ночной
э̄ти,ночью
э̄тпос,месяц
юртыӈы̄сь о̄лнэ ва̄рмаль,дружба
юртыӈы̄сь о̄лнэ ва̄рмаль,мир
я̄ӈк,белый
я̄ӈк,лёд
яласаӈкве,ходить
яласаӈкве,гулять
яныг,большой
яныг,великий
яныг,старший
яныг,главный
яныт,величина
яныт,возраст
я̄рмалтаӈкве,задержать
я̄рмалтаӈкве,загородить
я̄ртпи,преграда
я̄ртпи,заграждение
я̄с,колея
я̄с,русло
а̄ӈквата̄луӈкве,взглянуть
а̄ӈквата̄луӈкве,посмотреть
а̄ӈхвуӈкве,раздеть
а̄ӈхвуӈкве,снять одежду
а̄ӈхвыглаӈкве,раздевать
а̄ӈхвыглаӈкве,снимать одежду
а̄врах,обрыв
а̄врах,крутой берег
а̄гмхарыӈ,хилый
а̄гмхарыӈ,чахлый
агтта̄л,неверящий
агтта̄л,недоверчиво
а̄йт,рвота
а̄йт,тошнота
а̄кве̄ква,бабушка
а̄кве̄ква,старуха
акваг,всегда
акваг,повсюду
акван-аняктахтуӈкве,столпиться
акван-аняктахтуӈкве,сгрудиться
акван-вониртаӈкве,сощурить
акван-вониртаӈкве,зажмурить
акван-ра̄туӈкве,сколотить
акван-ра̄туӈкве,сбить
акван-сё̄питаӈкве,сложить
акван-сё̄питаӈкве,упаковать
акван-то̄вмуӈкве,прикусить
акван-то̄вмуӈкве,зажать
акван-тэ̄лыглаӈкве,смешаться
акван-тэ̄лыглаӈкве,соединиться
акван-тэ̄лыгтаӈкве,смешать
акван-тэ̄лыгтаӈкве,соединить
акван-юрсьхатуӈкве,объединиться
акван-юрсьхатуӈкве,сплотиться
акван-юрсюӈкве,объединить
акван-юрсюӈкве,сплотить
акван-ӯнтталаӈкве,составить
акван-ӯнтталаӈкве,поставить
акват-о̄луӈкве,жить
акват-о̄луӈкве,находиться
аквписыг,всегда
аквписыг,навсегда
аквписыг,постоянно
аквсыр,одинаковый
аквсыр,однородный
аквтопмат,как будто
аквтопмат,словно
аквторыг,сразу
аквторыг,одновременно
аквты порат,в это же время
аквты порат,одновременно
аквтыкӯмт,в этот же момент
аквтыкӯмт,сразу
аквтыпыл,всё равно
аквтыпыл,так или иначе
аквхурип,одинаковый
аквхурип,одного вида
а̄лмаяӈкве,поднять
а̄лмаяӈкве,схватить
а̄лпыл,утренний
а̄лпыл,утром
алыса̄м,южный край
алыса̄м,юг
а̄мара̄луӈкве,заливать
а̄мара̄луӈкве,затоплять
а̄мараӈкве,залить
а̄мараӈкве,затопить
а̄мппил,водяника
а̄мппил,шикша
а̄ны,чашка
а̄ны,блюдо
ань,сейчас
ань,теперь
аньмус,поныне
аньмус,до настоящего времени
аньтыгмус,доныне
аньтыгмус,до сего времени
аняктаӈкве,свалить в кучу
аняктаӈкве,сгрудить
анятаӈкве,собраться
анятаӈкве,сгрудиться
а̄па,люлька
а̄па,колыбель
а̄прыӈ,быстрый
а̄прыӈ,ловкий
а̄рталахтуӈкве,пытаться
а̄рталахтуӈкве,попытаться
а̄ртмалаӈкве,удаваться
а̄ртмалаӈкве,получаться
а̄ртмуӈкве,удаться
а̄ртмуӈкве,получиться
а̄ртмыгла̄луӈкве,получаться
а̄ртмыгла̄луӈкве,удаваться
арген,нареч.слишком
арген,зря
арыгтаптуӈкве,отстранить
арыгтаптуӈкве,исключить
арыгтаптыгла̄луӈкве,отстранять
арыгтаптыгла̄луӈкве,исключать
арыгтаӈкве,остаться в излишке
арыгтаӈкве,стать лишним
а̄стла̄лыглаӈкве,завершать
а̄стла̄лыглаӈкве,заканчивать
а̄стлахтуӈкве,готовиться
а̄стлахтуӈкве,приготовиться
а̄стуӈкве,кончить
а̄стуӈкве,перестать
а̄ся̄ги,старшая сестра мужа
а̄ся̄ги,тётя
ас,дыра
ас,отверстие
асирмаӈ,холодный
асирмаӈ,студёный
а̄тим,нет
а̄тим,отсутствует
атуӈкве,собрать
атуӈкве,собирать
атхунь,конечно
атхунь,понятно
атыл,сбор
атыл,собирание
атыньтахтуӈкве,нюхать
атыньтахтуӈкве,обнюхиваться
атырхари,голубой
атырхари,синий
атырхарпа,голубоватый
атырхарпа,синеватый
ва̄г,мощь
ва̄г,сила
ва̄глап,лямка
ва̄глап,ошейник
ва̄глуӈкве,спуститься
ва̄глуӈкве,сойти вниз
ва̄глыгла̄луӈкве,спускаться
ва̄глыгла̄луӈкве,сходить вниз
ва̄гта̄л,слабый
ва̄гта̄л,бессильный
ва̄гта̄лпатантаӈкве,обессилевать
ва̄гта̄лпатантаӈкве,ослабевать
ва̄гталпа̄туӈкве,устать
ва̄гталпа̄туӈкве,обессилеть
ва̄гыӈ,мощный
ва̄гыӈ,сильный
ва̄нсы,трава
ва̄нсы,мурава
ва̄нтлуптаӈкве,переселить
ва̄нтлуптаӈкве,перегнать
ва̄нтлуӈкве,кочевать
ва̄нтлуӈкве,переехать
ва̄нэ,знакомый
ва̄нэ,известный
ва̄рмалиӈ,деловой
ва̄рмалиӈ,деловитый
ва̄рсятаӈкве,шлёпнуться
ва̄рсятаӈкве,хлопнуться
ва̄ртул,приём
ва̄ртул,способ
ва̄руӈкве,делать
ва̄руӈкве,строить
ва̄руӈкве,создавать
ва̄руӈкве,совершать
ва̄рыгла̄луӈкве,делать
ва̄рыгла̄луӈкве,создавать
ва̄ситаӈкве,вываривать
ва̄ситаӈкве,вытапливать жир
ва̄ӈкариӈ,развилистый
ва̄ӈкариӈ,кривой
ва̄ӈкариӈ,косой
ва̄ӈксуӈкве,ползать
ва̄ӈксуӈкве,ползти
ва̄ӈкыртаӈкве,зацепить крючком
ва̄ӈкыртаӈкве,багром
ве̄ськаты̄г,честно
ве̄ськаты̄г,искренне
витво̄ӈха,прорубь
витво̄ӈха,лужа
витхарыӈ,сырой
витхарыӈ,влажный
во̄вмыгтаӈкве,попросить
во̄вмыгтаӈкве,потребовать
во̄вуӈкве,звать
во̄вуӈкве,призвать
во̄рмалта̄лыглаӈкве,воздвигать
во̄рмалта̄лыглаӈкве,строить
во̄рмалтаӈкве,воздвигнуть
во̄рмалтаӈкве,построить
во̄рут,чудовище
во̄рут,леший
во̄тас,метель
во̄тас,пурга
во̄тас,буран
во̄тас,вьюга
воӈнум,упругий
воӈнум,тугой
воӈнуӈкве,напружиться
воӈнуӈкве,надуться
воӈынлаӈкве,натянуть
воӈынлаӈкве,растянуть
войкан,белый
войкан,светлый
войхатуӈкве,браться
войхатуӈкве,взяться
войхатыглаӈкве,приниматься
войхатыглаӈкве,браться
волтуӈкве,тесать
волтуӈкве,строгать
волтыгла̄луӈкве,тесать
волтыгла̄луӈкве,строгать
ворасьлахтуӈкве,спорить
ворасьлахтуӈкве,ссориться
воратаӈкве,стремиться
воратаӈкве,порываться
ворил,еле
ворил,насилу
воськаса̄лыглаӈкве,бросать
воськаса̄лыглаӈкве,покидать
воськасаӈкве,бросить
воськасаӈкве,покинуть
восьлах,слякоть
восьлах,грязь
вотгалаӈкве,гладить
вотгалаӈкве,ласкать
вотгыглаӈкве,гладить
вотгыглаӈкве,ласкать
вы̄гратаӈкве,краснеть
вы̄гратаӈкве,покраснеть
вы̄гыр,красный
вы̄гыр,бордовый
вы̄гырхарпа,коричневый
вы̄гырхарпа,рыжий
е̄мтантаӈкве,становиться
е̄мтантаӈкве,делаться
е̄мтапаӈкве,сделаться
е̄мтапаӈкве,оказаться
е̄мтуӈкве,стать
е̄мтуӈкве,получиться
е̄мтуӈкве,сбыться
е̄мтыгла̄луӈкве,получаться
е̄мтыгла̄луӈкве,сбываться
е̄мтыгла̄луӈкве,совершаться
ё̄ӈхуӈкве,вертеться
ё̄ӈхуӈкве,вращаться
ё̄ӈхуӈкве,кружиться
ёл-ва̄глантаӈкве,спускаться
ёл-ва̄глантаӈкве,слезать
ёл-ва̄глуӈкве,спуститься
ёл-ва̄глуӈкве,слезть
ёл-лоньхатаӈкве,обвалиться
ёл-лоньхатаӈкве,рухнуть
ёл-няртумтаӈкве,сдёрнуть
ёл-няртумтаӈкве,сорвать
ёл-оилматуӈкве,заснуть
ёл-оилматуӈкве,уснуть
ёл-по̄илттаӈкве,остановить
ёл-по̄илттаӈкве,успокоить
ёл-по̄йтуӈкве,остановиться
ёл-по̄йтуӈкве,перестать
ёл-порыгмаӈкве,спрыгнуть
ёл-порыгмаӈкве,соскочить
ёл-пувуӈкве,удержать
ёл-пувуӈкве,задержать
ёл-ра̄гпуӈкве,провалиться
ёл-ра̄гпуӈкве,обрушиться
ёл-хартуӈкве,стащить
ёл-хартуӈкве,стянуть
ёл-хӯтылтаӈкве,нагнуть
ёл-хӯтылтаӈкве,склонить
ёлымта̄лыглаӈкве,одолевать
ёлымта̄лыглаӈкве,побеждать
ёлымтаӈкве,одолеть
ёлымтаӈкве,победить
ёлысов,штаны
ёлысов,брюки
ё̄малтахтуӈкве,пойти
ё̄малтахтуӈкве,отправиться
ё̄муӈкве,идти пешком
ё̄муӈкве,шагом
ё̄мыгтаӈкве,ходить
ё̄мыгтаӈкве,похаживать
ёмасмаӈкве,улучшиться
ёмасмаӈкве,сделаться хорошим
ёмаспа̄лн,вправо
ёмаспа̄лн,направо
ёмасы̄г е̄мтуӈкве,улучшиться
ёмасы̄г е̄мтуӈкве,сделаться хорошим
ёмсякве̄г,хорошенько
ёмсякве̄г,основательно
ёнгасаӈкве,забавляться
ёнгасаӈкве,резвиться
ё̄рамтахтуӈкве,укрепиться
ё̄рамтахтуӈкве,усилиться
ё̄рамтаӈкве,усилить
ё̄рамтаӈкве,укрепить
ё̄рнва̄й,пимы
ё̄рнва̄й,кисы
ёсым,мокрый
ёсым,промокший
ёт-харттуӈкве,утащить
ёт-харттуӈкве,унести с собой
ётыл,после
ётыл,потом
ётыл,позже
ё̄хсалыглаӈкве,поворачиваться
ё̄хсалыглаӈкве,кружиться
ёхталаӈкве,приходить
ёхталаӈкве,приезжать
ёхтуӈкве,прийти
ёхтуӈкве,приехать
иӈ,ещё
иӈ,даже
илттыг,вдруг
илттыг,внезапно
илттыг,неожиданно
исмит,суп
исмит,уха
исмит,похлёбка
исуӈкве,сесть
исуӈкве,приземлиться
исылта̄луӈкве,греть
исылта̄луӈкве,обогревать
исылтахтуӈкве,греться
исылтахтуӈкве,обогреваться
исылтаӈкве,согреть
исылтаӈкве,обогреть
ит,скорость
ит,быстрота
ит,резвость
итыӈ,скорый
итыӈ,быстрый
итыӈ,резвый
итыӈысь,упорно
итыӈысь,энергично
йӣвсуп,обрубок дерева
йӣвсуп,чурбан
йиӈкве,идти
йиӈкве,ехать
йиӈкве,лететь
йисинта̄луӈкве,идти
йисинта̄луӈкве,ехать
йисинтаӈкве,идти
йисинтаӈкве,ехать
йӣкв,танец
йӣкв,пляска
йӣквасьлаӈкве,приплясывать
йӣквасьлаӈкве,пританцовывать
йӣквуӈкве,плясать
йӣквуӈкве,танцевать
ка̄лась,калач
ка̄лась,баранка
ка̄миньт,мягкий
ка̄миньт,рыхлый
ка̄мнямтаӈкве,размять
ка̄мнямтаӈкве,разрыхлить
ка̄рвыльтаӈкве,сторожить
ка̄рвыльтаӈкве,караулить
ка̄ртуӈкве,неметь
ка̄ртуӈкве,мертветь
ка̄салаӈкве,заметить
ка̄салаӈкве,увидеть
ка̄сасятта̄л,нехотя
ка̄сасятта̄л,невольно
ка̄смуста̄л,унылый
ка̄смуста̄л,скучный
ка̄ста̄л,грустный
ка̄ста̄л,печальный
ка̄ста̄ло̄луӈкве,грустить
ка̄ста̄ло̄луӈкве,печалиться
ка̄ста̄лпатапаӈкве,приуныть
ка̄ста̄лпатапаӈкве,взгрустнуть
ка̄ста̄лпатуӈкве,стать грустным
ка̄ста̄лпатуӈкве,унылым
ка̄стамта̄лыглаӈкве,надоедать
ка̄стамта̄лыглаӈкве,скучать
ка̄стамтаӈкве,надоесть
ка̄стамтаӈкве,соскучиться
ка̄сыӈ,каждый
ка̄сыӈ,всякий
ка̄сыӈ,любой
ка̄тн-паттуӈкве,достать
ка̄тн-паттуӈкве,добыть
какыр,грудь
какыр,живот
калсялтаӈкве,отвлекать
калсялтаӈкве,манить
кальгил,зуд
кальгил,чёс
кан,площадь
кан,место
кантлуптаӈкве,рассердить
кантлуптаӈкве,разозлить
кантлуӈкве,сердиться
кантлуӈкве,злиться
кантмалта̄лыглаӈкве,сердить
кантмалта̄лыглаӈкве,злить
кантмалтаӈкве,разозлить
кантмалтаӈкве,рассердить
кантмаяӈкве,разозлиться
кантмаяӈкве,рассердиться
кантыӈ,сердитый
кантыӈ,злой
капыртаӈкве,возиться
капыртаӈкве,баловаться
карссатаптуӈкве,задеть
карссатаптуӈкве,коснуться
карссыт,рост
карссыт,высота
кас,соревнование
кас,состязание
каскан,блесна
каскан,ловушка
касуӈкве,состязаться
касуӈкве,соревноваться
каюӈкве,баловаться
каюӈкве,возиться
кӣвталап,брусок
кӣвталап,точило
ке̄нт,шапка
ке̄нт,шляпа
ке̄рас,утёс
ке̄рас,скала
ке̄рсьсиӈ,шершавый
ке̄рсьсиӈ,шероховатый
китахкем,около двух
китахкем,приблизительно два
китписыӈ,двойной
китписыӈ,удвоенный
китхалпатуӈкве,сойти с ума
китхалпатуӈкве,обезуметь
кӯняр,несчастный
кӯняр,сирота
кон,на улице
кон,снаружи
кон-воськасаӈкве,выбросить
кон-воськасаӈкве,выкинуть
кон-ква̄лттуӈкве,вывести
кон-ква̄лттуӈкве,вынести
кон-лыӈкве,выбросить
кон-лыӈкве,выкинуть
кон-лэ̄ватаӈкве,вынуть
кон-лэ̄ватаӈкве,вытащить
кон-па̄хвтуӈкве,выбросить
кон-па̄хвтуӈкве,выкинуть
кон-се̄лтумтаӈкве,выкинуть
кон-се̄лтумтаӈкве,выбросить
кон-тотуӈкве,вынести
кон-тотуӈкве,вывезти
кон-тыламлаӈкве,вылететь
кон-тыламлаӈкве,выпорхнуть
кон-харттуӈкве,вытянуть
кон-харттуӈкве,вытащить
кональ,наружу
кональ,на улицу
конс,коготь
конс,ноготь
консыгтахтуӈкве,вцепиться
консыгтахтуӈкве,схватиться
коныл,извне
коныл,от внешней стороны
кос,коготь
кос,ноготь
коюӈкве,выслеживать
коюӈкве,проследить
кӯпнитысь,легко
кӯпнитысь,слегка
кӯпнитысь,налегке
кӯр,печь
кӯр,печка
кургалтахтуӈкве,загреметь
кургалтахтуӈкве,загрохотать
кургуӈкве,греметь
кургуӈкве,грохотать
кускас,шальной
кускас,недисциплинированный
ла̄всуӈкве,сказать
ла̄всуӈкве,говорить
ла̄кв,круг
ла̄кв,кольцо
ла̄кква-мингалаӈкве,разойтись
ла̄кква-мингалаӈкве,разъехаться
ла̄сьлакв,постепенно
ла̄сьлакв,потихоньку
лап-нэ̄гуӈкве,завязать
лап-нэ̄гуӈкве,обвязать
лап-пе̄руӈкве,замотать
лап-пе̄руӈкве,обмотать
лап-ра̄туӈкве,забить
лап-ра̄туӈкве,заколотить
лап-я̄ртуӈкве,загородить
лап-я̄ртуӈкве,перегородить
лап-яныгмаӈкве,зарасти
лап-яныгмаӈкве,обрасти
ларгалтаӈкве,вертеть
ларгалтаӈкве,крутить
ласкат,добрый
ласкат,щедрый
ле̄ӈктхатыгла̄луӈкве,натыкаться
ле̄ӈктхатыгла̄луӈкве,наталкиваться
лӯима̄,север
лӯима̄,северная страна
ло̄ӈханьсяп,колокольчик
ло̄ӈханьсяп,звонок
ловиньтахтуӈкве,отчитаться
ловиньтахтуӈкве,рассчитаться
ловиньтахтыгла̄луӈкве,отчитываться
ловиньтахтыгла̄луӈкве,рассчитываться
ловтуӈкве,мыть
ловтуӈкве,умывать
ловтхатуӈкве,мыться
ловтхатуӈкве,умыться
ловтхатыгла̄луӈкве,мыться
ловтхатыгла̄луӈкве,умываться
ломгалтахтуӈкве,забрюзжать
ломгалтахтуӈкве,забормотать
лоньхатаӈкве,упасть
лоньхатаӈкве,свалиться
лосит,просторный
лосит,обширный
лосьгуӈкве,зудеться
лосьгуӈкве,чесаться
лувыӈ,костяной
лувыӈ,костлявый
луйгалтахтуӈкве,запеть
луйгалтахтуӈкве,защебетать
луйгил,щебет
луйгил,пение
луйгуӈкве,щебетать
луйгуӈкве,петь
лыӈкве,кинуть
лыӈкве,бросить
лыӈкве,метнуть
лысинта̄лыглаӈкве,кидать
лысинта̄лыглаӈкве,метать
лысинта̄лыглаӈкве,бросать
лэ̄пта,покрывало
лэ̄пта,одеяло
лэ̄с,силок
лэ̄с,ловушка
ля̄сямлаӈкве,утихнуть
ля̄сямлаӈкве,замедлить
ля̄ххал,весть
ля̄ххал,сообщение
лясатаптуӈкве,щёлкнуть
лясатаптуӈкве,прищёлкнуть
лятатаптуӈкве,хрустнуть
лятатаптуӈкве,треснуть чем-либо
ма̄гыртаӈкве,заставить
ма̄гыртаӈкве,принудить
ма̄ласьлаӈкве,щупать
ма̄ласьлаӈкве,шарить
ма̄лая̄луӈкве,пощупать
ма̄лая̄луӈкве,потрогать
ма̄н,мы
ма̄н,нам
ма̄нигтахтуӈкве,завернуться
ма̄нигтахтуӈкве,закутаться
ма̄нигтаӈкве,завернуть
ма̄нигтаӈкве,закутать
ма̄нырсыр,какой
ма̄нырсыр,какого рода
ма̄ньлат,молодой
ма̄ньлат,юный
ма̄ньлат пора,молодость
ма̄ньлат пора,юность
майла̄луӈкве,отдавать
майла̄луӈкве,сдавать
манрыг,нареч.почему
манрыг,зачем
манурыл,нареч.как
манурыл,каким образом
маныгтаӈкве,рвать
маныгтаӈкве,дёргать
марави,сплошной
марави,глухой
марлуӈкве,сжать
марлуӈкве,стеснить
марсюмаӈкве,скучать
марсюмаӈкве,тосковать
марсюмы̄г,скучно
марсюмы̄г,грустно
маруӈкве,стесниться
маруӈкве,сжаться
матъёмас,замечательно
матъёмас,очень кстати
матыр,мест.что-то
матыр,что-либо
матыр,что-нибудь
матырмат,мест.какой-то
матырмат,какой-нибудь
маянтаӈкве,давать
маянтаӈкве,сдавать
маянтаӈкве,отдавать
мӯвлахи,нареч.кругом
мӯвлахи,вокруг
мӯвыр,дубина
мӯвыр,колот
ме̄сыг,извилина
ме̄сыг,излучина
мир,народ
мир,общество
миркол,сельсовет
миркол,администрация
мо̄лал,тогда
мо̄лал,недавно
мо̄ртым ма̄,юг
мо̄ртым ма̄,южная страна
мо̄ртыс,нареч.в пору
мо̄ртыс,в самый раз
молямлаӈкве,торопиться
молямлаӈкве,спешить
молямтахтуӈкве,торопиться
молямтахтуӈкве,спешить
мори,зря
мори,попусту
мос,болезнь
мос,хворь
мотыт,второй
мотыт,следующий
мувиньтаптуӈкве,рассмешить
мувиньтаптуӈкве,насмешить
мули,косяк
мули,стая
мулумлаӈкве,шалить
мулумлаӈкве,баловаться
мутраӈхум,мудрец
мутраӈхум,волшебник
на̄йӈха̄п,пароход
на̄йӈха̄п,теплоход
на̄лваль,нареч.на реку
на̄лваль,к реке
на̄туӈкве,нести течением
на̄туӈкве,плыть по течению
на̄хвуӈкве,клевать
на̄хвуӈкве,долбить
нагуӈкве,тронуть
нагуӈкве,потревожить
нагхатуӈкве,трогать
нагхатуӈкве,касаться
нагыглаӈкве,потрогать
нагыглаӈкве,потревожить
нал,черенок
нал,рукоятка
намаяӈкве,назвать
намаяӈкве,наименовать
намталаӈкве,дразнить
намталаӈкве,давать прозвище
намтуӈкве,назвать
намтуӈкве,наименовать
намыл,нареч.нарочно
намыл,умышленно
намыл пинуӈкве,наименовать
намыл пинуӈкве,дать имя
насати,оказывается
насати,на самом деле
наскассы̄г,напрасно
наскассы̄г,попусту
нё̄рых,молодая поросль
нё̄рых,побег
нё̄тумтаӈкве,прибавить
нё̄тумтаӈкве,добавить
нё̄тыгла̄луӈкве,помогать
нё̄тыгла̄луӈкве,поддерживать
нёлат,нюх
нёлат,обоняние
нёмса,скромный
нёмса,покорный
но̄х-а̄лмаяӈкве,приподнять
но̄х-а̄лмаяӈкве,поднять
но̄х-во̄ртумтахтуӈкве,подняться
но̄х-во̄ртумтахтуӈкве,вскочить
но̄х-ква̄луӈкве,встать
но̄х-ква̄луӈкве,подняться
но̄х-се̄лтумтаӈкве,вскинуть
но̄х-се̄лтумтаӈкве,подбросить
но̄х-тыламлаӈкве,вспорхнуть
но̄х-тыламлаӈкве,взлететь
но̄х-хартуӈкве,вытянуть
но̄х-хартуӈкве,подтянуть
новтуӈкве,скрести
новтуӈкве,скоблить
номсуӈкве,думать
номсуӈкве,мыслить
номтта̄л,безумный
номтта̄л,бестолковый
номылматуӈкве,вспомнить
номылматуӈкве,придумать
номылматыгла̄луӈкве,вспоминать
номылматыгла̄луӈкве,придумывать
нулыӈ,волнистый
нулыӈ,бурлящий
нумыл,сверху
нумыл,верхом
нусамаӈкве,нуждаться
нусамаӈкве,бедствовать
нуюӈкве,драть
нуюӈкве,сдирать
нэ̄гла̄лаӈкве,показываться
нэ̄гла̄лаӈкве,появляться
нэ̄глала̄луӈкве,показываться
нэ̄глала̄луӈкве,появляться
нэ̄глапаӈкве,появиться
нэ̄глапаӈкве,показаться
нэ̄глуӈкве,показаться
нэ̄глуӈкве,появиться
нэ̄глыглаӈкве,появляться
нэ̄глыглаӈкве,показываться
нэ̄гуӈкве,привязать
нэ̄гуӈкве,завязать
нэ̄гылттахтуӈкве,выглянуть
нэ̄гылттахтуӈкве,высунуться
нэ̄матыр,мест.ничего
нэ̄матыр,ничто
нэ̄мхо̄т,нигде
нэ̄мхо̄т,негде
нэ̄пакта̄л,неграмотный
нэ̄пакта̄л,безграмотность
нэ̄пакыл хаснэ,грамотный
нэ̄пакыл хаснэ,образованный
ню̄нслаптуӈкве,вытянуть
ню̄нслаптуӈкве,растянуть
ню̄ныслаӈкве,вытянуть
ню̄ныслаӈкве,растянуть
ню̄сум о̄йка,сват
ню̄сум о̄йка,свояк
ню̄сум э̄ква,сватья
ню̄сум э̄ква,свояченица
ня̄йтхум,ворожей
ня̄йтхум,экстрасенс
ня̄лыӈ,жадный
ня̄лыӈ,алчный
ня̄руй,червь
ня̄руй,гусеница
ня̄хсуй,визг
ня̄хсуй,писк
ня̄ӈхуӈкве,визжать
ня̄ӈхуӈкве,мяукать
няӈрамаӈкве,разбушеваться
няӈрамаӈкве,разыграться
няӈрамаӈкве,крепчать
о̄ӈх,смола
о̄ӈх,сера
о̄влэ̄т,сначала
о̄влэ̄т,сперва
о̄вылмахтуӈкве,приняться
о̄вылмахтуӈкве,начать
о̄вылтахтуӈкве,начаться
о̄вылтахтуӈкве,приняться
о̄вылтахтыгла̄луӈкве,начинаться
о̄вылтахтыгла̄луӈкве,приниматься
овта,копьё
овта,пика
оиглаӈкве,убежать
оиглаӈкве,освободиться
ойматуӈкве,вырваться
ойматуӈкве,освободиться
о̄лтул,имущество
о̄лтул,достояние
о̄лтыг,стая
о̄лтыг,выводок
о̄лыгла̄луӈкве,случаться
о̄лыгла̄луӈкве,бывать
о̄лыглаӈкве,случиться
о̄лыглаӈкве,бывать
о̄льпыӈ,крашеный
о̄льпыӈ,цветной
олнке̄р,монета
олнке̄р,копейка
онтастахтуӈкве,прижаться
онтастахтуӈкве,опереться
о̄парись,дедушка
о̄парись,предок
оссувла̄лыглаӈкве,оставлять
оссувла̄лыглаӈкве,покидать
оссувлаӈкве,оставить
оссувлаӈкве,покинуть
осты,опять
осты,снова
остыгыл,да
остыгыл,конечно
осыӈмаӈкве,пополнеть
осыӈмаӈкве,потолстеть
осьмар,хитрость
осьмар,шутка
осьмарлаӈкве,хитрить
осьмарлаӈкве,шутить
осьмарта̄л,бесхитростный
осьмарта̄л,простой
осьмарыӈ,хитрый
осьмарыӈ,лукавый
осьмарыӈысь,хитро
осьмарыӈысь,лукаво
осяла̄луӈкве,скитаться
осяла̄луӈкве,бродяжничать
осятахтыглаӈкве,удивляться
осятахтыглаӈкве,изумляться
осятаӈкве,увлечь
осятаӈкве,удивить
па̄выл,деревня
па̄выл,посёлок
па̄г-ква̄луӈкве,выйти
па̄г-ква̄луӈкве,высадиться на берег
па̄г-пӯхтуӈкве,причалить
па̄г-пӯхтуӈкве,пристать к берегу
па̄г-хо̄юӈкве,остановиться у берега
па̄г-хо̄юӈкве,пристать к берегу
па̄лтуӈкве,растопить
па̄лтуӈкве,развести огонь
па̄лтыглаӈкве,топить
па̄лтыглаӈкве,разводить огонь
па̄лыг-ю̄ныгтаӈкве,пробить
па̄лыг-ю̄ныгтаӈкве,разбить
па̄нтмалтаӈкве,сравнять
па̄нтмалтаӈкве,сгладить
па̄нтмуӈкве,сделаться ровным
па̄нтмуӈкве,гладким
па̄нтыгла̄луӈкве,накрывать
па̄нтыгла̄луӈкве,закрывать
па̄рс,доход
па̄рс,выгода
па̄рссата̄лыглаӈкве,лопаться
па̄рссата̄лыглаӈкве,распускаться
па̄рссатаӈкве,лопнуть
па̄рссатаӈкве,распуститься
па̄рста̄л,бесполезный
па̄рста̄л,невыгодный
па̄с,предел
па̄с,рубеж
па̄сыглап,сверло
па̄сыглап,бурав
па̄тыраӈкве,исчезать
па̄тыраӈкве,скрываться
па̄тырматуӈкве,скрыться
па̄тырматуӈкве,исчезнуть
па̄тырмаӈкве,исчезнуть
па̄тырмаӈкве,скрыться
па̄хвтуӈкве,кидать
па̄хвтуӈкве,метать
па̄ӈкта̄лыглаӈкве,загрязнять
па̄ӈкта̄лыглаӈкве,пачкать
па̄ӈктуӈкве,запачкать
па̄ӈктуӈкве,загрязнить
палкуӈкве,отделяться
палкуӈкве,откалываться
пантуӈкве,покрыть
пантуӈкве,накрыть
пантуӈкве,закрыть
пантхатуӈкве,покрыться
пантхатуӈкве,закрыться
пантхатыгла̄луӈкве,покрываться
пантхатыгла̄луӈкве,закрываться
пармаптуӈкве,отряхнуть
пармаптуӈкве,встряхнуть
пасиртаӈкве,сжать
пасиртаӈкве,сдавить
пасьралаӈкве,притеснять
пасьралаӈкве,угнетать
пе̄лтуӈкве,кольнуть
пе̄лтуӈкве,ткнуть
пе̄нтуӈкве,менять
пе̄нтуӈкве,заменять
пе̄нтхатуӈкве,обменяться
пе̄нтхатуӈкве,поменяться
пе̄нтыгла̄луӈкве,менять
пе̄нтыгла̄луӈкве,заменять
пе̄румтаӈкве,обернуть
пе̄румтаӈкве,обмотать
пе̄рыгтаӈкве,скрутить
пе̄рыгтаӈкве,свить
пилата̄луӈкве,запугивать
пилата̄луӈкве,угрожать
пилта̄л,храбрый
пилта̄л,смелый
пилуӈкве,бояться
пилуӈкве,трусить
пилысьмаӈ,страшный
пилысьмаӈ,грозный
пись,хитрость
пись,выдумка
питруӈкве,оправлять
питруӈкве,засучивать
пӯмасьлаӈкве,увлечься
пӯмасьлаӈкве,заинтересоваться
пӯмасӣг,весело
пӯмасӣг,интересно
пӯнсыгтаӈкве,раскрыть
пӯнсыгтаӈкве,распахнуть
по̄иксяхтуӈкве,умолять
по̄иксяхтуӈкве,молиться
по̄иксяӈкве,упрашивать
по̄иксяӈкве,умолять
по̄йкил,просьба
по̄йкил,мольба
по̄йкуӈкве,просить
по̄йкуӈкве,молить
по̄лиглаӈкве,замерзать
по̄лиглаӈкве,застывать
по̄льтуӈкве,студить
по̄льтуӈкве,морозить
по̄лям,мёрзлый
по̄лям,студёный
по̄ртыӈ,питательный
по̄ртыӈ,сытный
по̄ступта̄лыглаӈкве,обозначать
по̄ступта̄лыглаӈкве,отмечать
по̄хан,нареч.прочь
по̄хан,в сторону
по̄хан-ӯрмыгтахтуӈкве,уклониться
по̄хан-ӯрмыгтахтуӈкве,отодвинуться
по̄хат,сбоку
по̄хат,в стороне
повара̄луӈкве,кататься
повара̄луӈкве,валяться
повырмаптуӈкве,измучить
повырмаптуӈкве,довести до истощения
повырматуӈкве,измучиться
повырматуӈкве,выбиться из сил
полысь,жалоба
полысь,донос
полысь тотуӈкве,жаловаться
полысь тотуӈкве,доносить
понигтахтуӈкве,опереться
понигтахтуӈкве,прижаться
понслаӈкве,вялить
понслаӈкве,коптить
понсум,спелый
понсум,зрелый
понюмтахтуӈкве,прижаться
понюмтахтуӈкве,опереться
пора,время
пора,пора
пормас,товар
пормас,багаж
порыгпанэ̄ква пы̄грись,головастик
порыгпанэ̄ква пы̄грись,лягушонок
порыслаӈкве,губить
порыслаӈкве,истреблять
поста̄л,тусклый
поста̄л,тёмный
постуӈкве,светить
постуӈкве,освещать
посыӈ,яркий
посыӈ,светлый
поталы,ком
поталы,шарообразный предмет
потыртаӈкве,говорить
потыртаӈкве,беседовать
потыртаӈкве,рассказывать
пӯсас,ограда
пӯсас,изгородь
пӯсас,забор
ра̄гматуӈкве,упасть
ра̄гматуӈкве,обрушиться
рапсюӈкве,мигать
рапсюӈкве,моргать
рапсялтахтуӈкве,замигать
рапсялтахтуӈкве,заморгать
рапсясаӈкве,мигнуть
рапсясаӈкве,моргнуть
ро̄вта̄л,запретный
ро̄вта̄л,запрещённый
ро̄сь,отмель
ро̄сь,рыболовный песок
рот,спокойный
рот,тихий
ротамлаӈкве,успокоиться
ротамлаӈкве,притихнуть
ротмуӈкве,успокоиться
ротмуӈкве,стихнуть
рохтуӈкве,испугаться
рохтуӈкве,струсить
рохтысьмаӈ,пугливый
рохтысьмаӈ,трусливый
рӯпата,работа
рӯпата,труд
рӯпитаӈкве,работать
рӯпитаӈкве,трудиться
русы,бахрома
русы,кисть
са̄вит,количество
са̄вит,численность
са̄вмалтаӈкве,умножить
са̄вмалтаӈкве,увеличить
са̄вмантаӈкве,увеличиваться
са̄вмантаӈкве,возрастать
са̄всыр,разный
са̄всыр,различный
са̄гумтаӈкве,переломить
са̄гумтаӈкве,сломать
са̄йлахтуӈкве,скрыться
са̄йлахтуӈкве,укрыться
са̄йт,прут
са̄йт,хворостина
са̄лыл,блеск
са̄лыл,вспышка
са̄ль,жалко
са̄ль,жаль
са̄при,скирд
са̄при,стог
са̄р,табак
са̄р,махорка
са̄ри,истинный
са̄ри,непробудный
са̄туӈкве,заколдовать
са̄туӈкве,очаровать
са̄ӈкамлаӈкве,прийти в чувство
са̄ӈкамлаӈкве,очнуться
савалаӈкве,страдать
савалаӈкве,мучиться
савата̄луӈкве,измучить
савата̄луӈкве,обидеть
саватахтуӈкве,мучиться
саватахтуӈкве,страдать
саватаӈкве,мучить
саватаӈкве,убить
саватпи,мука
саватпи,страдание
сакати,очень-то
сакати,хотя бы
саквататта̄л,нерушимый
саквататта̄л,несокрушимый
сакил,стон
сакил,кряхтение
сакпак,опрятный
сакпак,аккуратный
сакпакы̄г,бережно
сакпакы̄г,аккуратно
сакпакы̄г,опрятно
сакуӈкве,портиться
сакуӈкве,прокисать
сакылтаӈкве,испортить
сакылтаӈкве,проквасить
самай,топь
самай,трясина
сапта,циновка
сапта,коврик
сартхатыглаӈкве,натираться
сартхатыглаӈкве,тереться
сахвхатуӈкве,лягаться
сахвхатуӈкве,пинаться
сё̄ритаӈкве,цвести
сё̄ритаӈкве,зацвести
сё̄ритаӈкве,расцвести
сёрхил,зарубка
сёрхил,нарезка
сёрхилтаӈкве,вырезать ножом
сёрхилтаӈкве,делать зарубки
сивгуӈкве,свистеть
сивгуӈкве,выть
симыртаӈкве,хрустеть
симыртаӈкве,скрипеть
со̄ви,косой
со̄ви,кривой
со̄пас,запас
со̄пас,припасы
со̄пас ва̄руӈкве,запасти
со̄пас ва̄руӈкве,накопить
со̄юм,ручей
со̄юм,родник
соргуӈкве,пламенеть
соргуӈкве,блестеть
сосса,родина
сосса,отечество
сохтыл,прямо
сохтыл,напрямик
сув,посох
сув,хорей
суиӈысь,звонко
суиӈысь,громко
суйта̄л,безмолвный
суйта̄л,тихий
суйта̄лпатуӈкве,умолкнуть
суйта̄лпатуӈкве,затихнуть
суйтмыгтаӈкве,зазвучать
суйтмыгтаӈкве,зашуметь
суйтыглаӈкве,прозвучать
суйтыглаӈкве,прошуметь
сумыллаӈкве,слышаться
сумыллаӈкве,раздаться
сунсыгла̄луӈкве,просматривать
сунсыгла̄луӈкве,проверять
сунсыглаӈкве,просмотреть
сунсыглаӈкве,осмотреть
супыг-то̄лматаӈкве,лопнуть
супыг-то̄лматаӈкве,разорваться
суртгалтахтуӈкве,засверкать
суртгалтахтуӈкве,заблестеть
суртгуӈкве,блестеть
суртгуӈкве,сверкать
сурум,чёрствый
сурум,твёрдый
сурум,грубый
та̄вритаӈкве,крошить
та̄вритаӈкве,измельчать
та̄глэ̄кв,полно
та̄глэ̄кв,сполна
та̄гыл,рел.одежда
та̄гыл,наряд
та̄ксар,крепкий
та̄ксар,сильный
та̄ксары̄г,нареч.крепко
та̄ксары̄г,сильно
та̄ксары̄г,решительно
та̄кысь,сильно
та̄кысь,упорно
та̄лматуӈкве,сесть
та̄лматуӈкве,погрузиться
та̄лт,причал
та̄лт,пристань
та̄лттуӈкве,посадить
та̄лттуӈкве,погрузить
та̄н,сухожилие
та̄н,нитки из жил
та̄ра-паттуӈкве,выяснить
та̄ра-паттуӈкве,узнать
та̄ра-патуӈкве,стать ясным
та̄ра-патуӈкве,понятным
та̄раӈ,известный
та̄раӈ,понятный
та̄стыгла̄луӈкве,готовить
та̄стыгла̄луӈкве,подготовлять
та̄тыл,пустой
та̄тыл,порожний
та̄тыл ма̄,пустырь
та̄тыл ма̄,необитаемое место
таӈрасьлаӈкве,помять
таӈрасьлаӈкве,пощипать
таӈруӈкве,мять
таӈруӈкве,щипать
таӈхуӈкве,желать
таӈхуӈкве,хотеть
таӈырматуӈкве,придавить
таӈырматуӈкве,прищемить
таӈырта̄лыглаӈкве,нажимать
таӈырта̄лыглаӈкве,сжимать
тава̄гт,неизвестно
тава̄гт,кто знает
тавант,тихий
тавант,спокойный
таванты̄г,тихо
таванты̄г,спокойно
таг,ветка
таг,сук
тагталаӈкве,навешать
тагталаӈкве,обвешать
тагуӈкве,конопатить
тагуӈкве,затыкать
тай,совок
тай,поварёжка
таклыӈ,вихрастый
таклыӈ,курчавый
таяныт,такой большой
таяныт,такой сильный
таях,нареч.потом
таях,после
тӯйтыглахтуӈкве,прятаться
тӯйтыглахтуӈкве,скрываться
тӯйтыглаӈкве,прятать
тӯйтыглаӈкве,скрывать
тӯлмантаӈкве,воровать
тӯлмантаӈкве,красть
тӯлмахыл,украдкой
тӯлмахыл,тайком
тӯлтхатуӈкве,приняться
тӯлтхатуӈкве,начать
то̄ва,иной
то̄ва,некоторый
то̄ва накт,иногда
то̄ва накт,иной раз
то̄ва порат,иногда
то̄ва порат,в иное время
то̄влы,достаточно
то̄влы,хватит
то̄ллуӈкве,рваться
то̄ллуӈкве,лопаться
то̄ргалтахтуӈкве,задрожать
то̄ргалтахтуӈкве,затрястись
то̄ргуӈкве,трястись
то̄ргуӈкве,дрожать
торас,помеха
торас,препятствие
торастаӈкве,мешать
торастаӈкве,препятствовать
торастаӈкве,нарушать
торгамтаӈкве,понимать
торгамтаӈкве,понять
тӯпты,кое-как
тӯпты,еле
тӯсьталаӈкве,ставить
тӯсьталаӈкве,расставлять
тув-ка̄ртуӈкве,онеметь
тув-ка̄ртуӈкве,окоченеть
тув-ма̄рылтаӈкве,задержать
тув-ма̄рылтаӈкве,затаить
тув-минмыгтаӈкве,направиться
тув-минмыгтаӈкве,пойти
тув-патуӈкве,попасть
тув-патуӈкве,упасть
тув-ра̄туӈкве,забить
тув-ра̄туӈкве,вбить
тув-та̄кмалтаӈкве,прикрепить
тув-та̄кмалтаӈкве,закрепить
тув-тӯсьтуӈкве,воткнуть
тув-тӯсьтуӈкве,вставить
тулытысь,нареч.тайком
тулытысь,скрытно
туля,кольцо
туля,перстень
туманта̄луӈкве,запирать
туманта̄луӈкве,замыкать
тумантаӈкве,запереть
тумантаӈкве,замкнуть
тумран,музыкальный инструмент
тумран,сделанный из кости
турапыӈ,ненастный
турапыӈ,пасмурный
турас,рубанок
турас,стамеска
тусыӈ,усатый
тусыӈ,бородатый
туяса̄лыглаӈкве,толкать
туяса̄лыглаӈкве,пинать
туясаӈкве,толкнуть
туясаӈкве,пнуть
тыг-ёхталаӈкве,приходить
тыг-ёхталаӈкве,приезжать
тыг-ёхтуӈкве,прийти
тыг-ёхтуӈкве,приехать
тыламлаӈкве,полететь
тыламлаӈкве,вспорхнуть
тын,цена
тын,стоимость
тыныӈ,дорогой
тыныӈ,ценный
тыпуӈкве,потеряться
тыпуӈкве,заблудиться
тыпыгла̄луӈкве,теряться
тыпыгла̄луӈкве,блуждать
унсах,мост
унсах,переправа
ур,гора
ур,возвышенность
уральтаӈкве,проведать
уральтаӈкве,проверить
урам,бугор
урам,пригорок
урамыӈ,холмистый
урамыӈ,выпуклый
уркасаӈкве,соврать
уркасаӈкве,обмануть
уркуӈкве,обманывать
уркуӈкве,лгать
урум,худой
урум,тощий
урык,ложь
урык,обман
усьты,только что
усьты,сейчас
ут,вещь
ут,предмет
ӯйттуӈкве,погрузить в воду
ӯйттуӈкве,утопить
ӯлмаяӈкве,сниться
ӯлмаяӈкве,видеть сон
ӯлы,воспевание
ӯлы,восхваление
ӯлылаӈкве,восхвалять
ӯлылаӈкве,воспевать
ӯльна,воля
ӯльна,свобода
ӯрантаӈкве,поджидать
ӯрантаӈкве,подкарауливать
ӯргала̄лыглаӈкве,оберегать
ӯргала̄лыглаӈкве,защищать
ӯргалахтуӈкве,беречься
ӯргалахтуӈкве,остерегаться
ӯча,целый
ӯча,весь
ха̄йталтахтуӈкве,броситься бежать
ха̄йталтахтуӈкве,помчаться
ха̄йтлыгтаӈкве,прибежать
ха̄йтлыгтаӈкве,подбежать
ха̄йттуӈкве,нести
ха̄йттуӈкве,волочить
ха̄йттуӈкве,уносить что-либо бегом
ха̄ляси,березняк
ха̄ляси,берёзовый лесок
ха̄рсялтахтуӈкве,захрустеть
ха̄рсялтахтуӈкве,затрещать
ха̄рсятаӈкве,хрустнуть
ха̄рсятаӈкве,треснуть
ха̄ста̄л,неумеющий
ха̄ста̄л,неопытный
ха̄ӈла,порог
ха̄ӈла,перекат
ха̄ӈхуӈкве,взобраться
ха̄ӈхуӈкве,влезть
ха̄ӈхыглаӈкве,взбираться
ха̄ӈхыглаӈкве,влезать
хал,промежуток
хал,щель
ханасьлаӈкве,виснуть
ханасьлаӈкве,болтаться
ханисьтахтуӈкве,учиться
ханисьтахтуӈкве,обучаться
ханисьтаӈкве,учить
ханисьтаӈкве,обучать
ханлуӈкве,приклеить
ханлуӈкве,прилепить
ханлыгла̄луӈкве,приклеивать
ханлыгла̄луӈкве,прилеплять
ханса,узор
ханса,орнамент
хансыгла̄луӈкве,писать
хансыгла̄луӈкве,записывать
ханувъяптуӈкве,приклеить
ханувъяптуӈкве,прилепить
ханувъяӈкве,прилипнуть
ханувъяӈкве,приклеиться
ханьсювлап,навык
ханьсювлап,привычка
ханюв,глупец
ханюв,осёл
хартата̄луӈкве,таскать
хартата̄луӈкве,носить
хартата̄луӈкве,возить
харыглаӈкве,потухнуть
харыглаӈкве,погаснуть
харыгта̄лыглаӈкве,тушить
харыгта̄лыглаӈкве,гасить
харыгтаӈкве,потушить
харыгтаӈкве,погасить
хаслытаӈкве,обрасти мхом
хаслытаӈкве,покрыться мхом
хассумтаӈкве,дёрнуть
хассумтаӈкве,рвануть
хасхатуӈкве,расписаться
хасхатуӈкве,записаться
хасьлум,рваный
хасьлум,изношенный
хасьлуптаӈкве,изорвать
хасьлуптаӈкве,истрепать
хасьлуптаӈкве,износить
хасьлуӈкве,рваться
хасьлуӈкве,изнашиваться
хиласьлахтуӈкве,копаться
хиласьлахтуӈкве,рыться
хилиӈ,опасный
хилиӈ,тревожный
хилуӈкве,копать
хилуӈкве,рыть
хильта̄л,безопасный
хильта̄л,спокойный
хиньсяра̄луӈкве,кривляться
хиньсяра̄луӈкве,изгибаться
хӯлтмалта̄лыглаӈкве,сообщать
хӯлтмалта̄лыглаӈкве,объявлять
хӯлтмалтаӈкве,сообщить
хӯлтмалтаӈкве,объявить
хӯлтхатуӈкве,признаться
хӯлтхатуӈкве,сознаться
хӯлтхатыгла̄луӈкве,признаваться
хӯлтхатыгла̄луӈкве,сознаваться
хӯлуп,сеть
хӯлуп,сетка
хӯнтала̄луӈкве,слушать
хӯнтала̄луӈкве,прислушиваться
хӯнтлуӈкве,слушать
хӯнтлуӈкве,слушаться
хо̄илта̄лыглаӈкве,задевать
хо̄илта̄лыглаӈкве,дотрагиваться
хо̄илта̄лыглаӈкве,касаться
хо̄илтаӈкве,задеть
хо̄илтаӈкве,тронуть
хо̄илтаӈкве,коснуться
хо̄йхатта̄л,недостойный
хо̄йхатта̄л,неподходящий
хо̄ла,мертвец
хо̄ла,покойник
хо̄лмил,косогор
хо̄лмил,скат
хо̄лмил,склон
хо̄лмилыӈ,пологий
хо̄лмилыӈ,покатый
хо̄лувъяӈкве,завянуть
хо̄лувъяӈкве,поблёкнуть
хо̄лы,припасы
хо̄лы,провизия
хо̄мся,кнут
хо̄мся,плеть
хо̄нтлуӈкве,воевать
хо̄нтлуӈкве,сражаться
хо̄нтыглахтуӈкве,видеться
хо̄нтыглахтуӈкве,встречаться
хо̄ны-патуӈкве,запрокинуться
хо̄ны-патуӈкве,упасть навзничь
хо̄тпа,кто-то
хо̄тпа,некто
хо̄юӈкве,удариться
хо̄юӈкве,стукнуться
хо̄янтаӈкве,задевать
хо̄янтаӈкве,касаться
хо̄янтаӈкве,трогать
холта̄л,нескончаемый
холта̄л,бесчисленный
холтуптаӈкве,израсходовать
холтуптаӈкве,истратить
холтуӈкве,тратить
холтуӈкве,расходовать
хорыстаӈкве,шуршать
хорыстаӈкве,шелестеть
хот-виӈкве,отнять
хот-виӈкве,взять
хот-ловтуӈкве,смыть
хот-ловтуӈкве,отмыть
хот-патуӈкве,отпасть
хот-патуӈкве,отняться
хот-сакватаӈкве,сломать
хот-сакватаӈкве,разбить
хот-хӯратаӈкве,отстричь
хот-хӯратаӈкве,остричь
хӯптыгпаӈкве,накинуть
хӯптыгпаӈкве,набросить
хӯтмил,сгиб
хӯтмил,изгиб
хӯтмилыӈ,изогнутый
хӯтмилыӈ,кривой
хӯтсуӈкве,изогнуться
хӯтсуӈкве,пригнуться
хулгасьлаӈкве,покачиваться
хулгасьлаӈкве,колыхаться
хулгуӈкве,шататься
хулгуӈкве,колыхаться
хулигла̄луӈкве,показываться
хулигла̄луӈкве,появляться
хулиглаӈкве,показаться
хулиглаӈкве,появиться
хулсялтахтуӈкве,полоскаться
хулсялтахтуӈкве,взбалтываться
хулсялтаӈкве,полоскать
хулсялтаӈкве,взбалтывать
э̄л-лаквтуӈкве,отодвинуть
э̄л-лаквтуӈкве,выдвинуть
э̄л-нэ̄глуӈкве,обогнать
э̄л-нэ̄глуӈкве,перегнать
э̄л-тактуӈкве,выставить
э̄л-тактуӈкве,протянуть
э̄л-тотуӈкве,унести
э̄л-тотуӈкве,увезти
э̄л-ха̄йтуӈкве,отбежать
э̄л-ха̄йтуӈкве,убежать далеко
э̄лми,лезвие
э̄лми,остриё
э̄лн,впереди
э̄лн,далеко
э̄лнаӈ,раньше
э̄лнаӈ,в прошлом
э̄нтап,пояс
э̄нтап,ремень
э̄ри,надо
э̄ри,нужно
э̄рнэ,нужный
э̄рнэ,полезный
э̄рпасиӈ,ласковый
э̄рпасиӈ,добрый
э̄рта̄л,ненужный
э̄рта̄л,бесполезный
э̄рттам,будто
э̄рттам,как будто
э̄рупса,любовь
э̄рупса,ласка
э̄руптаӈкве,любить
э̄руптаӈкве,уважать
э̄рыг,песня
э̄рыг,пение
эрыӈ,вероятно
эрыӈ,наверное
эрыӈпыл,очевидно
эрыӈпыл,пожалуй
э̄сырма,стыд
э̄сырма,позор
э̄тгалаӈкве,жаждать
э̄тгалаӈкве,хотеть есть
юв миӈкве,отдать
юв миӈкве,вернуть обратно
юв-аялаӈкве,выпить залпом
юв-аялаӈкве,проглотить
юв-минуӈкве,возвращаться
юв-минуӈкве,идти домой
юв-сялтапаӈкве,вбежать
юв-сялтапаӈкве,забежать
юв-тотуӈкве,внести
юв-тотуӈкве,ввезти
юв-тӯйтхатуӈкве,спрятаться
юв-тӯйтхатуӈкве,запрятаться
юв-хартуӈкве,втянуть
юв-хартуӈкве,втащить
юв-хультуӈкве,опоздать
юв-хультуӈкве,отстать
ювле,назад
ювле,обратно
ювле хультуӈкве,отстать
ювле хультуӈкве,опоздать
ювле-ла̄вуӈкве,ответить
ювле-ла̄вуӈкве,возразить
юи-о̄выл,конец
юи-о̄выл,последний
юил ёхтуӈкве,настигнуть
юил ёхтуӈкве,догнать
юил-ня̄влуӈкве,настигать
юил-ня̄влуӈкве,преследовать
юнгуӈкве,топтать
юнгуӈкве,топать
юрт,друг
юрт,товарищ
яктла̄лыглаӈкве,разрезать
яктла̄лыглаӈкве,надрезать
ялапа̄луӈкве,сходить
ялапа̄луӈкве,сбегать
яласан ва̄рмаль,поездка
яласан ва̄рмаль,путешествие
ялпыӈ,святой
ялпыӈ,священный
ялтуӈкве,ожить
ялтуӈкве,зажить
ялуп,ключ
ялуп,родник
ялуӈкве,сходить
ялуӈкве,съездить
янмалтаӈкве,вырастить
янмалтаӈкве,воспитать
яныг во̄т,буря
яныг во̄т,ураган
яныглат,пожилой
яныглат,взрослый
янытлахтуӈкве,важничать
янытлахтуӈкве,гордиться
янытлаӈкве,поздравлять
янытлаӈкве,чествовать
я̄рмуӈкве,застрять
я̄рмуӈкве,задержать
я̄ртуӈкве,преградить
я̄ртуӈкве,задержать
я̄рум,беда
я̄рум,несчастье
я̄тил,милый
я̄тил,любезный
яхам,духота
яхам,душно
"а̄ти, ат минэ̄гум",нет
"а̄ти, ат минэ̄гум",не пойду
аня,куча
аня,толпа
аня,стадо
аня,стая
апыг,внук
апыг,внучка
апыг,племянник
апыг,племянница
асирма,холод
асирма,мороз
атыӈ,душистый
атыӈ,ароматный
ве̄ськат ва̄рмаль,справедливый
ве̄ськат ва̄рмаль,правильный
е̄ри,вбок
е̄ри,боком
ёмас,добрый
ёмас,хороший
ла̄сял,медленный
ла̄сял,тихий
ло̄х,заводь
ло̄х,залив
ло̄х,бухта
марсюм,тоскливый
марсюм,скучный
марсюм,скучно
марсюм,грустно
молях,быстрый
молях,скорый
молях,нареч. быстро
молях,скоро
нёвумтаӈкве,двинуться
нёвумтаӈкве,тронуться в путь
нуса,нужда
нуса,нищета
нуса,бедность
нуса,бедный
нуса,нищий
няӈра,резкий
няӈра,порывистый
осыӈ,толстый
осыӈ,полный
порсыӈ,сорный
порсыӈ,мусорный
сатум,сумрак
сатум,мгла
сатум,мрак
сатум,сумрачный
сатум,тёмный
суиӈ,звонкий
суиӈ,звучный
суиӈ,шумный
тальхыӈ,заострённый
тальхыӈ,острый
то̄cувъяӈкве,высохнуть
то̄cувъяӈкве,завянуть
хо̄игла̄луӈкве,ударяться
хо̄игла̄луӈкве,стукаться
хо̄игла̄луӈкве,заезжать
хо̄игла̄луӈкве,заходить
хо̄иглаӈкве,удариться
хо̄иглаӈкве,стукнуться
хо̄иглаӈкве,заехать
хо̄иглаӈкве,зайти
э̄ссамтаӈкве,стыдиться
э̄ссамтаӈкве,смущаться
